x1,x2,y
-2.2665903910711,-1.71998007070899,0
-0.101425613286407,3.00797760342473,0
-0.918771667768962,-0.29506499285322,0
-2.32069460746998,-2.01236324544465,0
-1.19932377970019,1.2488732783436,0
-1.56242987949254,-1.58770607841985,0
-0.555154105623136,2.65825555338919,0
-1.62655621695632,-0.703154245475561,0
-0.504755235715806,2.24543952211005,0
-1.26203414300052,1.99822825970109,0
-0.421227267474692,4.63632099541451,0
-2.02525747181278,0.0687054597437014,0
-1.57063104931395,-0.117686920257837,0
-0.528360776893026,2.12576827205792,0
-0.955461936614728,2.6815770172464,0
-0.209157786579416,3.47981907442972,0
-0.0416890111159182,3.39872339233378,0
-0.375002906258657,3.49516839706447,0
-0.057446841273719,4.52925434199791,0
-2.81742526578569,-1.58446991357791,0
-0.483086160922453,2.28717773340031,0
-0.957390080700932,3.93476910456484,0
-0.803172564299646,1.78570434524803,0
-1.98011575319388,1.90709103429256,0
-1.34720580133502,1.82982687742591,0
-1.14252103456834,1.2746512990229,0
0.189236850759057,4.49294589600778,0
-1.03149786963197,2.55891378259488,0
-2.13143694455063,0.27628721397489,0
-1.60257714341781,1.50331998034906,0
-0.782479068890128,3.88123670120471,0
-1.35981017339834,0.808688039823685,0
-1.42241187431774,0.898409291377957,0
-2.62709794532929,-0.28312405895476,0
-2.48479237390615,-3.09616262766165,0
0.52723791539675,5.14104857295424,0
-1.48315030297031,1.78193039225921,0
-0.517745765297412,0.975449890501149,0
-1.03395655810402,2.81421491209173,0
-1.50418887052413,1.6075753488884,0
-0.71776879264792,2.46406744055873,0
-1.32928022249153,1.64888392569499,0
-1.22874768978656,1.57656825494513,0
-0.524876246156388,3.55572230776149,0
-1.54478295757437,1.90732216755387,0
-2.17851198377001,-0.644767752518067,0
-0.40885037107169,2.73580464043252,0
-1.4208545286689,1.06767957585197,0
-0.699004421774766,2.77385650496034,0
-0.694319204836141,3.49352315067558,0
-1.05550588202554,3.19139453570188,0
-1.59993033604046,1.19412481006496,0
-0.0532532066809374,4.46898717297337,0
-1.31921952808853,0.197057793103257,0
-0.766527217801166,2.59895488818637,0
0.147988710023884,5.11261598098633,0
-1.45282799311021,-0.0235568327723907,0
-0.821673134843798,1.01011380749909,0
-0.345920700370514,1.83018772185408,0
-2.19253432938824,-0.436441798646408,0
-0.6806153892523,1.93203376832563,0
-2.92957428250474,-0.529228811854437,0
0.243491922199566,6.34006936811972,0
-2.63310469313552,-1.57680227496312,0
-0.222408760364512,4.81174955457911,0
-0.601741017174234,2.30780326055577,0
-0.0742560432641622,4.83084110724975,0
-1.49384315683833,0.13285235462772,0
-1.04302933215336,0.657491808135645,0
-1.75864352886124,0.218876584219599,0
-0.788695546621067,2.40000513829976,0
-2.08991623857037,0.180949140991261,0
-1.54185814802654,0.840885425823946,0
-1.30854122844391,1.92444555414143,0
-1.47599807978999,1.58962729919617,0
0.218282612562435,2.30574500120462,0
-2.7966696653438,0.0296254389058175,0
-1.36943982734899,0.999686115008769,0
-0.828381428580609,2.28546055841619,0
-0.586706217706732,1.78331513387926,0
-0.140721365387203,2.99530807180874,0
-1.11634079854212,1.39804639669034,0
-1.39065960167577,0.867766953891374,0
-1.99297077851308,-0.166116091222952,0
-2.29823673449817,-3.18682700347304,0
-0.74731101040957,3.58580756591797,0
-3.24071996189908,-3.67869686561753,0
-0.953738177884677,1.8667251474591,0
-2.12015801539577,-1.01528046327851,0
-1.50591983219922,0.43245072334216,0
0.0557014700126184,4.88807041377076,0
-1.95977826975423,1.08266789275753,0
-0.661706019312867,2.14848603372538,0
-1.61204955561505,0.782953612948909,0
-1.23132169982481,1.36240339473341,0
-2.21341179653722,-0.529499181673729,0
-3.18485818801298,-2.07211516475832,0
-0.986088927373146,0.272057733863076,0
-1.71730549135568,0.723181533553695,0
-2.14891233806815,0.35677622842627,0
-0.944970141932797,3.02475108408914,0
-1.22859697286124,3.56406286871334,0
0.90434922460894,4.6917501606259,0
0.865868459035422,5.54067452118258,0
-0.714631177598708,4.80618582984496,0
-0.184534016717894,2.51540723455,0
-1.80510262955331,-0.578538624035111,0
-0.192465527727721,4.89756189904359,0
-1.40946083991869,0.540680365911829,0
-2.34980243306126,-1.11897279749638,0
-2.68625724580057,-1.52682230301683,0
-2.48201513352196,-1.45948440968904,0
-0.810435918486008,5.10882569791465,0
-0.419678460973067,3.1857995781423,0
-0.275080470847984,3.52995799376591,0
-1.30143439538779,1.49073240588591,0
-2.2965323690392,0.809712037694988,0
-0.416810372170659,2.07322404287488,0
0.347092742136349,4.53156207003178,0
0.231029995055457,5.86497515673233,0
-0.420701886830819,3.06194164654707,0
-0.463788999924503,1.78283681432476,0
-0.462448365768467,4.02806693868963,0
-1.40186108742239,0.550135671375964,0
-2.17303608960169,-2.24526827335778,0
-0.592934832330287,2.73288311107057,0
0.839013887498811,8.53693834429192,0
-0.938699600256586,1.0173368569542,0
-3.11916030591847,-2.48218957039687,0
-1.16454217898156,0.945749708118578,0
-0.514284420517226,1.52123666501693,0
-1.59121699538756,0.167386795623377,0
-1.58385086572459,1.89155412873292,0
-1.36351489444868,1.40649012749748,0
-0.974841154244302,1.26705136188488,0
-2.36298561126275,0.379981515755053,0
-2.03968496096774,0.447796865383122,0
0.142590232590508,3.81917071420398,0
-0.140366966957581,5.40911883968598,0
-1.30086550742523,2.78882657649173,0
-0.110180360894804,3.67465833022218,0
-1.44078495997178,1.933221338822,0
-1.13691980839881,1.89796612971506,0
-1.08307628612401,1.99122270974212,0
0.0005143374144152,4.50305014562036,0
-0.80587769931044,2.4071463161873,0
-1.1943754197998,0.793975514589817,0
-0.80812929719365,2.14135467035885,0
-1.68585550762223,1.19362796334779,0
-0.341520370081581,4.22389533379089,0
-2.34554754622809,-2.84080791684906,0
0.103961280919916,3.71206797090811,0
-1.36318478591905,2.87975355707492,0
-0.746488534894844,1.86009988814197,0
-1.34493627417339,0.518026422605042,0
-2.15471814181483,-0.457317535321159,0
-2.02997937453518,-1.20242402546449,0
-4.11570172667006,-4.6294453982189,0
-1.58516423453503,0.531882592334258,0
0.00244502326936202,3.48085032239249,0
-0.569271393496563,2.17691224617611,0
-0.945024504197047,1.23856117065256,0
-1.93969753079519,0.766268151700591,0
-0.804309600136037,3.76339251451288,0
-1.22227984925049,2.71384357029139,0
-1.83430937446989,1.20059841446866,0
-0.0380055279849123,4.20686712293881,0
-2.10443332454907,-1.33529617428701,0
1.62552521165609,6.23593519593013,0
2.12470472468321,7.25534998551915,0
-1.10896651746712,3.12080038040899,0
-0.715241978120757,3.03765016253483,0
-0.901652653269987,2.24668481015969,0
-0.777948602557396,2.34754804912662,0
-0.976030987988725,0.784991842627211,0
-2.28531144490564,-0.10719608708805,0
-1.12800123508812,2.56272924280545,0
-0.146455888617956,3.47915175892206,0
-1.07157453814846,1.62131002539793,0
-0.328085392585279,2.89429284569268,0
-0.844346355657923,3.39233006268012,0
0.660502966300913,6.39034593224481,0
-1.06008290779214,2.64272668480853,0
-0.411036128622448,0.410090961195177,0
-1.66423741768263,0.747380929459207,0
-0.840844922609041,1.87694546313733,0
-1.63026958253342,0.0313349225732202,0
-2.9110380315079,-2.00277033311137,0
-2.67448474935459,-2.89281966320974,0
0.348725623038176,6.02979437622765,0
-1.80132755322691,0.103697646349997,0
0.593061651137047,5.36119278938629,0
-1.50046295771549,0.592424521651783,0
-0.825698420700809,2.23088581753633,0
0.0668026833516826,3.99855246297345,0
-0.358603626291719,5.46209388274465,0
-0.743586234059432,3.13599912689244,0
-0.359953285026467,4.40520062929771,0
0.378270935071624,6.32390700732851,0
-1.77501788437619,2.41344376037243,0
0.177850544116033,4.92625639403279,0
-1.81108805123298,1.3763406960094,0
-0.642419604057272,2.95686384074847,0
1.29707303040782,6.64705656042825,0
-1.83978795439274,1.16772220954119,0
-1.52664281722462,2.95435494746796,0
-2.60304752870126,-1.93574886894461,0
1.91003122638924,7.10141287300368,0
-0.708366056050173,3.91184433471477,0
-0.485220273653635,0.975990695221154,0
-1.40605460143195,2.76598724223912,0
-0.366724673403201,2.71710061799079,0
-2.91866410018388,-2.57425482625053,0
-0.691319733815989,3.12423828657265,0
-0.851632499370197,1.8936905774585,0
-2.54342866326838,-0.518539482231807,0
-1.73748154967458,0.108197718964318,0
-2.04057742999513,-0.565973828209357,0
-1.82669700219073,1.12303148874035,0
-2.43218421469752,0.479617954599842,0
-0.772470210068247,0.726492111168839,0
-0.444806097208039,4.80170173996988,0
-0.841856386636785,2.80017941198391,0
-0.596378284694644,4.05777526556759,0
-1.202455227364,3.08947482897753,0
-0.936171007683954,3.36435568641568,0
-1.34661334417269,0.381289999624155,0
-1.67029963657598,-0.594168613481312,0
-0.516326352451597,3.94886615311954,0
-0.195005420762762,3.30065772663737,0
-0.299528995018177,2.60851127018545,0
-2.19831744014722,-0.234342652628345,0
-0.894468787804862,2.13745215565297,0
-2.09145396023393,1.27578199020166,0
-1.61009305263991,-0.0232449583155847,0
-1.67278993210418,0.247184430982045,0
-1.53041732323122,2.73971336307122,0
-0.429575722883344,2.85846001149022,0
1.34015825088055,6.13177165809394,0
-1.15084853405543,0.883642459956217,0
-1.04953758127749,0.673677968020063,0
-0.549245189868189,3.81836844768003,0
-2.57641809474343,-1.16452200515321,0
-2.75897134636735,-0.401493044468348,0
-1.60944529430789,-0.465443428934759,0
-1.14383961857532,2.33485932063628,0
-0.789683699579956,2.99693133061175,0
0.776052369815015,5.39086925743406,0
-0.632525227535755,0.465757588505685,0
0.030173415481149,4.46788046214256,0
0.566654104573167,5.8440649074402,0
-0.149726017413756,3.73712326467518,0
-0.833170413036987,2.60765173205711,0
-0.513448629649675,3.27171478484919,0
-0.657403655533784,3.42899037132676,0
-2.64021437460041,-1.74673747482581,0
-0.711492162514262,1.43660638504594,0
-1.3504870571665,0.333323229426648,0
-0.466045473405695,3.89244837570327,0
-1.59095569230333,1.77170482534219,0
-2.12651726956269,-1.30380038399534,0
-1.7922865984887,1.99271061262036,0
-2.16583788867015,-0.0427829118817416,0
-1.9754055093628,-1.00925474761425,0
-2.12742430680839,0.803521824837334,0
-2.18901411164557,-1.7431421525164,0
-0.913942107007372,2.62201005138485,0
-0.58305968633696,2.58248411802928,0
-1.49669068204221,0.41835441014864,0
0.513343153274916,6.04519427752225,0
-0.327875012122952,2.83084983244547,0
0.0585803691934896,5.65299261490021,0
1.70789059375204,6.69808075741254,0
-1.21545241041699,2.81006380913942,0
-1.76801776081252,-1.10430308981769,0
-0.257862619759521,2.15677192924389,0
-1.36917744232248,-0.489493095167176,0
-1.26301016015106,2.48313088968516,0
-1.35712223780011,2.72912073941411,0
-0.337500285560137,3.99902468032884,0
-1.73486458239218,0.0746570713623791,0
-2.49054748521495,-1.00520876695102,0
-1.00208550565163,6.2797258348785,0
-1.64034708679069,0.570252922432166,0
0.26104334342284,5.13293279174185,0
-0.821651705034501,3.12801425487286,0
-2.05249460484457,1.46473626436665,0
-1.327933171169,1.76411361695878,0
-1.28728067434903,1.14571889512444,0
-1.25189484802933,2.58358607348439,0
-1.47977423163008,0.160419860354178,0
0.0544775260183539,4.47276985930715,0
-2.06249558728132,-0.59488884975143,0
-2.31688907601579,-2.01818150086496,0
-0.167910995335431,1.28521288748777,0
-0.331379029417522,3.27960331102523,0
-2.12668689627875,1.13154424597127,0
-1.58867383751165,2.15252468786652,0
-1.9887742414413,0.680507722790183,0
-1.09934230998119,3.2592702757637,0
-0.198199260681844,4.4716740378535,0
0.0778764069788733,4.04138713575777,0
0.547758669116165,5.17772902130503,0
-1.29807239734909,1.20595296290394,0
-0.317655332614257,5.23924309975751,0
-1.69732146281547,1.40763922928263,0
-1.47102120029545,0.143206544890344,0
1.14730681414054,6.19320903714267,0
-1.72872178564162,-0.899640070914637,0
-1.51956805510085,0.082787223680409,0
-0.665201675800125,0.834078032503159,0
-2.06305630446149,-0.609382039370832,0
-1.89105323269548,0.0543119692570957,0
-1.6983071034616,0.203807075862707,0
-1.10908343970735,0.10269958124964,0
-0.279180392810137,4.52545987566792,0
-0.87626357955818,2.05112441367703,0
-1.02606176413218,2.48014468061877,0
-0.647108112396477,3.40430934357089,0
0.00192995505579407,3.97806645112561,0
-2.31992724603166,-0.0270709862707106,0
-0.307293166124541,4.58007394238484,0
-0.320436568442008,4.43402988160596,0
1.18177335180505,6.05811491559262,0
-0.466059513247471,3.10884326559125,0
-2.66119374022614,-1.03199480237105,0
-2.91729140679746,-1.32272793966693,0
-0.63674926792893,2.58869470159318,0
-2.00305048038044,-0.377880351425555,0
-0.343996798302976,2.13851881329632,0
0.16642441196606,1.79504489320201,0
-0.203614561532012,2.86201896088458,0
-1.45667528410254,0.379377110439173,0
-1.21151095140052,2.94746384046903,0
-0.151967894908435,4.39007972771063,0
0.716660494771842,6.2415071453295,0
-1.70809449994098,1.22122628793151,0
-0.292052407203704,4.05513086070835,0
-1.28657652551918,1.28732689468768,0
-1.31598387471942,1.73887337857135,0
-0.986436715225883,0.954670248296425,0
-0.854165163918173,5.06452995405064,0
-2.24107861081412,-2.50258741083419,0
-1.65605673346331,1.09527194093286,0
-1.74787210108646,0.346439956003869,0
-0.0738727188656416,4.0384186175767,0
-0.597681902556963,3.11672621996553,0
-0.701667164383298,2.57771450698538,0
-2.41193401991045,-0.0767636624069188,0
0.267204678121089,4.56147796250291,0
-0.737694324730545,3.95780929627313,0
-1.49965544859124,2.36209986886462,0
-0.568722590279848,3.06933796260573,0
-0.252425727113365,5.21465825378043,0
-0.096645345653799,2.57336929902686,0
0.429412936069856,2.95609372225697,0
-1.01365196072727,2.08879710627686,0
-1.83945070400492,1.59492733854568,0
-1.03093429338977,2.79930199600242,0
-1.21448994511023,1.27292562972544,0
0.556121882243455,6.7823784261206,0
-0.541260205716643,3.12693115003127,0
0.0654550059381585,4.87854808394882,0
-1.11106509639508,1.76370653930185,0
-1.27698584352596,2.46696271428898,0
-2.17046803155586,-0.040033056876958,0
-3.83858039906258,-5.50261851332165,0
-0.261022975574156,2.68563275483763,0
-1.13970868793171,0.918582398766241,0
1.95728558304832,7.82621123869131,0
-1.45318093411172,1.99891037795986,0
0.672797894404573,5.37558878099523,0
-0.592456492065709,2.19533376793817,0
-1.49226241312475,0.81590388613648,0
-1.0192832658985,1.16847909877858,0
-2.41943095477993,-1.42721536843698,0
-2.0270868860865,-0.954774737224549,0
-1.28513646634156,0.576259968109727,0
0.148068796776329,4.00929995460042,0
-0.87391903666517,2.06763098171039,0
-1.98245177514845,-1.61519689854283,0
-0.64329256675726,4.70143831209262,0
-0.842457993856447,0.34391559970934,0
-1.5502400343851,0.928490109066365,0
1.12263338078939,6.72447880914122,0
-1.26376935295147,2.15486883057658,0
-1.91847971320043,-0.113770622120231,0
-1.89880768620162,-0.328238757543696,0
0.149719679759496,3.76451770312451,0
-0.751980014235139,0.479266268267051,0
-1.20274536234649,0.312783339316251,0
-0.861521491588659,2.88133812281254,0
-1.38256421748997,-1.02416966142743,0
-0.273963547254634,3.80591104415291,0
-0.77901692169109,3.46611446919179,0
0.789118046600886,6.71092432659741,0
-1.41228118839455,1.05778940251994,0
-1.54779626152282,-0.653378745704677,0
-1.75523233964056,-0.584127718639367,0
-1.54625368995606,0.330310814739065,0
-2.05102786103956,0.30736884797952,0
0.411730351448709,5.24099849768683,0
-0.823572749697087,2.16845872848053,0
-1.0103732461476,3.97893870487678,0
-1.78825899789826,1.78011162020746,0
-0.067843178971361,3.10114510684734,0
-0.906639699266741,1.61574879700155,0
-3.30212619262294,-3.29218049878879,0
-1.97905143509125,-0.606350303631163,0
-0.686929345876284,2.72236114185179,0
-1.65376270730416,1.3412633800542,0
-0.62659378834812,2.16453390717118,0
0.0159332339759493,4.36968264781422,0
-1.70459729440709,0.794629999375385,0
-0.753875555522602,1.94461141650341,0
-1.35441367661393,1.76328683620073,0
-1.00898647968957,2.09993149468279,0
-1.21129853620705,2.48080947530369,0
-0.6661571501223,3.00679024488663,0
-1.64204944682771,1.23525547594423,0
-2.64050230030645,-1.22941696776366,0
-0.990965468233541,0.430438131383012,0
-2.43801192134953,1.01103416991247,0
0.156983516660413,3.68968496432366,0
-1.19250044678441,2.64065381686286,0
-1.3022187105121,0.753943970625669,0
-1.36360704477252,2.24465784640702,0
-2.5509105939419,0.884768097358846,0
-2.06443765585041,-0.187081428174342,0
-1.43438255631315,0.573569975018153,0
-0.162460681999116,4.2081238391813,0
-0.919267610670353,0.684661765711332,0
-0.376097437253209,3.10655432053102,0
-1.14574553322886,1.3662127264668,0
-1.44876167181674,1.02278941569066,0
-1.32477937013141,-0.636241288320382,0
-3.07350389317742,-1.47140192631461,0
-1.29535484580373,1.99085510032384,0
-1.27822912722095,0.530258925172112,0
-1.44992504989341,1.75607450442224,0
-1.68855640206351,1.47561919480435,0
-1.11866702725422,1.80091669364782,0
-0.151139161973003,3.6547582060199,0
-1.22793653017212,3.29571459484394,0
-0.839734193147893,1.30514443465142,0
-1.29478025886079,1.08051419747769,0
1.6376788557662,8.88730853060422,0
0.213137876087518,5.554899290111,0
0.446168374497644,3.9128802817621,0
-0.884908934696624,0.660550733504535,0
-0.66551559170466,3.02873329308769,0
-1.85068406837654,0.752524197192417,0
-0.647936551353859,1.94897812063945,0
-2.54547468469118,-2.38701539895959,0
-2.493125135051,-2.09453245288044,0
-2.48234616843447,-0.420577870025029,0
-0.170013802916177,4.3883211128505,0
-1.96614547908268,0.426256062054324,0
-0.931760868045869,2.49158303579578,0
-0.186920715983122,2.69458537289094,0
-1.69492795787897,-0.283499306516845,0
-2.50527833175759,-0.981975207114634,0
-0.113614082363636,3.96544510008255,0
-0.402140563273244,2.50071836122422,0
-1.28010285853454,0.805723739568929,0
-2.83693520782183,-1.50293192734571,0
-0.179540153727324,3.96019927192973,0
-0.191789664207586,2.25778125565873,0
-2.22384415864446,0.0734444873231535,0
-1.6801699476848,-0.136715605106829,0
-1.90734528644425,-0.417560237578824,0
-2.55758825898395,0.201515270464098,0
-0.586359926565675,1.46253990779047,0
-0.952516142144275,2.80843427590026,0
-1.69313354332869,-0.900580056703492,0
-0.913251345578011,2.46199422831018,0
-1.75029007776656,1.17407492539465,0
0.038302114734091,4.04831344132168,0
-2.08137966853837,-0.186021214156503,0
-1.84489236502122,1.17829077138023,0
-1.29819095889961,1.85161012862577,0
-0.194667835185171,2.48841547925764,0
0.168221004956506,4.90077898164262,0
-0.565124149781837,2.3413458116471,0
-0.953114726209867,1.14956807971554,0
-1.09539126199043,1.74857405671519,0
0.655533880392485,3.50925222725141,0
-2.46682766507814,-1.1985095684476,0
1.6245185943714,7.8745853755238,0
-1.27650676247591,1.08551591975929,0
-1.16370173300123,0.551331812933256,0
-1.1413665566696,1.60082060976289,0
-0.746288678276738,2.37327335449701,0
-1.54149079649661,1.70229595841937,0
-0.354389156630872,3.11784902843948,0
-1.10236330443656,1.62282372565406,0
-1.63112802978087,1.25379444083199,0
-2.1483417536102,-0.898380473663984,0
1.130593166279,7.06834585947501,0
-1.25538905713346,1.18107762288613,0
1.9791559275559,-3.13782501614985,1
-2.23259042491335,1.01782652057469,1
-1.39300207027716,-5.06185153818963,1
4.23180287316489,-6.0503203949545,1
0.408556891541997,-5.22660482887512,1
4.35078102573276,2.61474001571565,1
3.10175031707103,-5.73834691100188,1
4.32041782702457,-4.46028706973664,1
2.95314004499709,-0.121846565076312,1
1.16809778077917,-2.9778927403148,1
0.849083722450836,-3.38318389577793,1
3.62846669047842,-5.4220041378401,1
2.17005906958185,-3.57853036098263,1
1.43807058748542,-5.90904411390403,1
-0.481257020548207,-3.37598490737718,1
2.34094773572645,2.46571006176477,1
-2.96393820474935,-2.72387758271182,1
3.90740009282666,0.330409200557196,1
4.22929408035264,-5.06789280824824,1
3.00002391062455,-1.67151293754888,1
2.2320648871862,-1.11141465603355,1
-1.57586889694305,1.24051908218268,1
6.595062232608,-3.82223819759892,1
4.49747296891089,-2.88249652726363,1
0.969041614178734,-2.78515471967152,1
5.45038597813613,-3.93348221270527,1
2.07980160149073,-3.18241536984604,1
4.06184481405671,0.131376811937995,1
1.4453595520064,-1.75468861827743,1
3.52937394059415,-7.55265197561927,1
1.97288857798706,-3.3241382793946,1
2.90307310375104,-2.20145793380649,1
-1.99775037982509,-2.88669757051734,1
1.34004062440029,-6.52589113135805,1
4.28425872748819,-1.19894022035032,1
1.39987016957304,-0.936411979547746,1
2.0654792912137,-2.8371358540887,1
0.30865021933677,0.88118479221392,1
-3.51429416486165,-3.22401226172129,1
4.7026883425701,-7.98095544702008,1
2.53589697951435,-3.18914632873348,1
5.02010155266035,0.0574847458118684,1
2.0106700290673,-6.39136427237144,1
6.3490291468793,-0.0168016339456196,1
1.86832263858732,-2.14050223287143,1
3.93537742360858,-1.61291411459669,1
3.5002053497446,0.445688015161173,1
-1.25711397936253,-0.450512402126373,1
3.93196218845815,-3.53187061358705,1
5.87455336839636,-8.74063197750833,1
5.84513497759175,-2.05430578248124,1
0.224401668921907,-1.93914422969267,1
2.25514338723671,3.3326532613941,1
7.49562867925171,-1.92053467777076,1
1.23819509296796,-4.42906806521129,1
2.20379426938333,-4.37228867658268,1
0.789957510794853,-4.44758052703164,1
2.32350116656475,-4.2661017959078,1
1.2888110832194,-5.27531124127522,1
9.24727229838925,-6.6085227598284,1
0.498055094458555,-1.94085116562691,1
2.20739393737849,-1.96184572534445,1
4.95758320047578,0.0927592174120395,1
4.84193018508535,-5.43420733492712,1
5.71683509097223,-7.32314787226765,1
2.71972620656877,-4.22027257813063,1
0.401583641354327,-1.55071892632934,1
2.55111490222933,-0.501876301281139,1
-0.631283981956795,-0.926967701737399,1
4.21969928594446,-2.69012932016747,1
-0.475361891990882,-3.61671812044516,1
-0.788563595715347,-8.10143455439478,1
11.0337027189627,-0.621885154896415,1
7.39093780493604,-4.05086372320724,1
4.70532981000457,-1.29168599460758,1
4.47340681569968,-2.9910361150311,1
2.44090994738841,-8.06949400893731,1
4.49454168127292,-1.96264868626471,1
5.73825208718123,-3.67175318371064,1
7.26655108951746,-4.09614880612037,1
-0.0751560941489973,-0.701977710162175,1
1.85279064114124,-6.0734245223347,1
3.30575424147892,-1.14695576019928,1
3.5914038943491,-1.78156097516159,1
13.0642004382597,-0.988672833439348,1
6.7520311832207,-7.86430885365441,1
3.89419484408877,-1.10389399910244,1
2.10721220363586,-5.14570274542995,1
3.97127206150985,-3.77065218153995,1
1.54560179000881,-0.184310150051362,1
6.27145563015883,-2.25871254516646,1
1.88737352898648,-1.74005420358036,1
5.03174991785254,-1.45529795958095,1
-0.560001067011048,-3.82797107851245,1
3.87969341252047,-1.4758774770105,1
5.35342551894476,-1.14237961338408,1
0.221498510767126,-4.73282020791807,1
0.00812178856169421,1.42004702464138,1
3.44191197152733,-1.64502978437634,1
5.5303941009866,-3.80588808915007,1
0.180630094413018,-4.04476241742652,1
2.63711497478906,0.677754323357003,1
5.13007186522908,-5.66281721255283,1
4.62700353904954,-1.19990754423991,1
0.400195496899975,-3.26581084710896,1
-1.53254555380745,-2.19047287712237,1
2.22671271949706,-6.30681630321497,1
1.28983730271201,-2.41224200106203,1
1.64555601951218,-2.26631214342667,1
4.35374405359113,-5.05865653849172,1
2.23509619769912,2.25336698084931,1
3.29664687986991,-5.07429834177555,1
3.14810214865618,-6.27885973104157,1
5.77464989417663,-2.0929420859877,1
5.65967164930041,-0.790120824717946,1
3.95602715045615,-0.610499700757683,1
3.46925768235332,-4.6220741819686,1
0.492910543152345,-4.09779963275569,1
-3.13709399548893,1.47275469313031,1
-1.19859054191865,-3.18772782590293,1
-0.227367512689351,-7.96167072624616,1
2.79854079746499,-3.74627767455802,1
2.6087573815927,-1.65536103237838,1
1.48529559208916,-2.07214684162773,1
4.25720414830436,-3.82019725073988,1
2.30552185278922,-1.68113529102878,1
3.14023560626809,-2.61031438375539,1
-2.81607501985713,-2.85665601878166,1
3.92234534676483,-3.33185629301533,1
3.82280416833514,1.66474925594042,1
3.20909930406728,-1.37027051070745,1
0.917944734687615,-5.08780248833366,1
1.82428139261213,-5.49762001040439,1
2.98138108942316,-5.28740862663711,1
2.57134702625227,-6.52026809615751,1
-1.04704766641963,-4.65502662174807,1
0.386230025431602,-4.59934814275989,1
1.50068018785252,-3.86041379547152,1
5.56088760702612,0.353390709475977,1
4.77674536868946,-3.88052900046828,1
6.66676805387625,-6.75044095310907,1
-1.95620921451711,-2.34360392256841,1
2.99459533460102,-3.34119403809471,1
3.07976878304987,-7.01853544307752,1
0.166677246330002,0.0227552942412337,1
5.51852836416753,-4.76823698462934,1
7.73524816026191,-5.62290461625817,1
1.60040661227504,-2.28369065061444,1
0.0728600147545224,-4.19518086318859,1
2.57606395600867,-3.96839695450434,1
5.13311552050527,-1.54792583183248,1
0.307282517020777,-4.66940232300704,1
3.44107149776577,-3.16394690574324,1
1.07041558110571,-1.95957023655219,1
5.00830018321156,-4.54591873947103,1
4.93279351564648,-6.97227334654296,1
-0.944901414482517,-1.77540267614593,1
0.955863559312695,-5.44204252745653,1
2.35483360689344,-4.65918757669123,1
3.80114735482937,-6.56488803253684,1
2.08996771564266,4.74275371968932,1
3.26932387811307,-7.68715549579617,1
4.46925398946972,-1.65428838701334,1
6.38955745117049,-2.63662004993841,1
1.39915693635367,0.450924393000442,1
4.74418667281323,-7.41083547157025,1
4.83123593960388,-3.57047881519394,1
5.720514222,-3.91448959287072,1
4.92565673436145,-2.52438577161558,1
4.43590092454448,-3.04993846207884,1
1.98491039103083,-2.83511648689199,1
4.54758498331126,-1.9771108899151,1
6.95635770250606,-1.95748195146207,1
4.55631700751409,2.14938902760366,1
3.16197597976312,-1.68815531358367,1
1.52261281615488,-2.89722521765046,1
7.02185306301309,-2.23649966468185,1
6.55462578455052,-5.60852991905664,1
-0.431356572785355,-2.24671937671106,1
-0.354915879917211,3.54096369090874,1
6.05806619937454,-6.05139441401928,1
2.59052180191511,-4.41240255930986,1
4.0190410071162,-3.14169627648942,1
5.28264852458653,0.596664498095729,1
2.4578766209166,-5.87363266141252,1
4.37825213545913,-3.40297794537371,1
5.80431150048367,-3.3726107135145,1
5.03255975656941,-2.176809898535,1
2.53693853500046,-4.10062579859375,1
4.74777081586893,3.19655962634673,1
5.05173129571296,-3.32255469607043,1
4.73324146743383,-2.72062619589229,1
-0.137539599951005,-2.2410347217065,1
6.79252217370823,-3.773617552234,1
0.242110237820904,-1.80343242740006,1
7.484885055867,-0.697048549377942,1
5.49533695716304,2.63965200179117,1
6.97085062090811,-1.25428963175883,1
2.48878260120727,-2.66290614187607,1
2.7468399238531,-0.92197398809818,1
0.836792996461857,0.78540918007504,1
3.35723376325254,-3.98005568136623,1
4.99683883675573,-8.08250105053761,1
0.95605417086743,-4.61107458982919,1
5.00996391509314,-4.19818505719848,1
6.49044213371456,-4.0945738346216,1
4.27645220604467,-4.73471487015495,1
5.83046032676815,-3.62346974939025,1
4.2711012790103,-4.2075859788522,1
0.338511444470613,-3.56563004101921,1
5.68956432741108,-5.49328184366777,1
-0.746228437989247,-3.75441280206787,1
4.91244978671083,-5.58626836469086,1
1.66776323606437,-2.54855477976662,1
2.190012913191,-2.29648645476568,1
5.91373697009915,-2.94806702599286,1
2.83977965893071,-1.12340695250772,1
2.84902549242272,-5.33411180006155,1
0.51508313147496,-5.73182763795637,1
7.6848957440033,-3.1108717517975,1
4.41313443627818,-1.24174231247696,1
0.699931586554942,-1.45982010975424,1
1.61727912829669,-8.11406296378241,1
2.4732369082778,-5.63327144055708,1
2.17214068678544,-2.15930393289197,1
8.59105743456813,-4.21440520339026,1
2.59837472398648,-2.08971532780182,1
3.45688255001407,-3.38807075960668,1
0.347375157488987,-5.34324439908368,1
2.55082056841396,-5.84093509603874,1
1.38880314305409,-6.0654100348893,1
5.7544092332017,-6.66894323992326,1
7.65897167907161,-4.42164229860037,1
0.415994876178704,-5.89715164017206,1
4.90932839789196,-0.485358850128691,1
0.92120133525511,-2.18789703263623,1
2.63357751607991,-3.59385576325681,1
3.37035593007661,-1.12597015386598,1
-1.69476679701804,-8.45584964916006,1
3.50628478357289,-3.17361090692554,1
4.67731252020888,-7.18259938972663,1
0.583407725215765,0.780876430247291,1
-0.209494220928763,-2.109772213702,1
1.0529681002221,-3.99274455346459,1
-0.374803921237854,-0.0947859344646749,1
-1.66339036173246,-5.93483256710204,1
0.770803543136673,-0.118287522168246,1
3.73291346617202,-1.33614201482092,1
2.95674034551282,-2.42182018044447,1
4.21013579842287,0.787591233047713,1
3.60467493491846,-6.59775125480236,1
5.80980954288522,-2.76593414658687,1
0.287340199226959,-3.43181109479429,1
0.592750075165685,2.11130793744861,1
2.15584785354446,-7.90407254583219,1
3.74276963306861,-5.03276991991192,1
6.15682744292093,-2.669501464372,1
-1.35666402743278,-4.22668361684121,1
0.334559398730444,-4.85635940412236,1
1.4231534700969,-7.92049709544399,1
3.48074394594197,-5.14549917409264,1
0.811113408301696,-1.15822289343575,1
7.64651607333593,-4.54092292727969,1
7.43868491174719,-8.03680184037183,1
4.37833984920308,-4.42577634995815,1
2.81873047211048,-5.41641272484878,1
1.54323333909536,-3.77112837962803,1
2.15017272601413,-1.99217332699452,1
8.69847065000045,-4.55310663252509,1
2.62177438102026,-7.28486498210364,1
-3.17168364258443,0.407638096509122,1
-0.256220475520132,-4.82633076896771,1
3.05207823353104,-0.768716890817269,1
3.77226552861156,1.57125785668956,1
2.55297394370392,-7.47831964571507,1
3.34037060413083,-2.70740804687919,1
0.994114808941116,-3.81479646729076,1
1.56364871776759,1.24867999430994,1
1.49907134462132,-6.41322192780724,1
3.68447012044404,-7.46353680102461,1
4.04597488227149,-2.0030876831115,1
0.931875624864944,-4.37127362442057,1
1.52903142661787,0.955615430081519,1
3.96743386219915,-5.94872874562908,1
-0.055670925636766,-3.18994874305644,1
2.96732441589477,-4.88199991902069,1
3.71337472024619,-3.4833601333652,1
5.637683181249,-1.92856812366858,1
2.77171278238497,-2.6677722375715,1
0.837813795689814,-0.832828171316782,1
3.93865540263416,-4.02142289047071,1
3.28854144036093,-4.31460515909991,1
9.09233310568341,-4.10560427292372,1
4.27088377105501,-2.10728834961629,1
1.04445297702852,-2.98614128395984,1
2.21387372506145,-2.38881911924042,1
3.62782477615768,-1.1197102341006,1
4.9179996723331,-3.9970967578365,1
1.71428324531671,-4.44473032023091,1
0.887238951701146,-7.26914930191678,1
4.47868705075707,-3.19501233411544,1
2.48248970941445,-7.06060425274448,1
-0.676782303489895,-9.16154314641729,1
2.74779801001956,-1.36073035730313,1
4.455754184214,-3.19132312176253,1
0.357638688064324,-3.0220004092281,1
3.00577916522541,-1.27126639661218,1
4.87598448475688,-3.6521441588737,1
2.91503855175534,-1.29468054441583,1
4.1198785922624,-3.41813169853873,1
-2.31200876907342,-4.62935199392598,1
5.05441885514106,-2.63299797318644,1
5.33479826507741,-3.84566665201873,1
3.19662205619673,-1.05626964179301,1
4.68481822211523,-2.04057684142364,1
5.6671476436661,0.270832439528643,1
6.40563829068153,-7.04577223805333,1
1.80876762488888,-3.8048250970584,1
2.10687929058038,-7.01131963537669,1
6.1870811291727,-5.45268670199496,1
3.24372242981874,-8.88912705573115,1
1.75792792255186,-3.63208942265951,1
0.707598693766423,-1.19861961791469,1
8.83097226868149,-5.14472748695062,1
0.880677067297487,1.2910606177448,1
4.37671400154926,-3.77426907893537,1
-0.134261462299448,-1.20538130709276,1
3.52212999521358,0.802865731317948,1
0.866611731770579,-3.42513683585925,1
2.24571542256569,-3.53112595837169,1
5.59066503188144,-0.936624929789646,1
1.43130044978447,-3.22614495050389,1
2.43462590413055,-0.822104002252657,1
2.568287067841,-5.73843608595019,1
2.15417097010012,-3.11702961116311,1
5.24672215194656,0.12512490712253,1
6.16172288284932,-2.10811967376984,1
1.73132518555049,-1.57614531737815,1
2.53233223723151,-4.53155207925413,1
3.70852111927182,-2.01947541190179,1
5.11521302312022,-5.21649888372789,1
-1.09955417952693,-1.77725303642929,1
0.620731724431495,-0.574631161316986,1
0.285103960510846,-4.44542087319189,1
-1.45379074264378,1.98875313447101,1
1.84676365313874,-3.2350762341128,1
1.6769178810601,-3.62342260072153,1
4.99309198266016,-2.78412387912685,1
2.9291219429142,-0.127526096357372,1
-0.356839489413311,-0.272420200332547,1
6.86257631685068,-6.44569620442325,1
3.61958845102525,-6.19764578915163,1
-2.21709277063798,-5.12401502946223,1
4.23788612865695,-1.1906799040018,1
2.05296411542001,-5.16676401091176,1
1.87982671552372,-4.80194391508082,1
1.40977862069125,-8.94798193792289,1
2.37017502527159,-3.33552693125232,1
8.29692949764737,-1.3893349653766,1
2.60743850598642,-2.87011217438378,1
3.75531549989546,-4.76923718221505,1
-2.1526445835281,-4.84048496783348,1
2.39217544507264,-2.77079686721578,1
1.18834005376428,-5.31660911774238,1
2.29527271430621,-2.92636820151606,1
4.34051217431676,-3.65234288693489,1
4.01434288301325,-5.50579914986811,1
4.93392741342125,-3.19779129349524,1
-0.397857249448423,-3.67769141926281,1
3.20287281599477,-5.66356240095986,1
4.71957492855686,-3.87235130913062,1
4.05815257777346,-5.4932443143927,1
3.70483374720119,-1.27445478287584,1
1.86621478355141,-3.52529981205952,1
1.54753412388393,-2.23672923853329,1
3.02457908704387,-1.82717302158514,1
2.8032922760161,-6.1652889708696,1
-0.266159391088861,-4.15086991845066,1
4.07828203219465,2.49338116952075,1
5.07917943195764,-4.55116679124831,1
-2.01132944676086,-1.78874234792999,1
2.99521636095726,-6.01694953650305,1
5.14499105233845,-3.02639482416858,1
1.94589747530696,-7.7771836607426,1
5.32486393805998,-2.87530385387311,1
2.34838413200572,-5.39788058778105,1
2.05986171860886,-0.00709031894977175,1
4.24244636383901,1.87408114371856,1
5.56801726523071,-2.18490161282481,1
5.1662282967316,-2.63530480762563,1
-0.582815604686609,-4.51095420297792,1
3.78710873575238,-5.31831188620663,1
1.70142895720816,-6.08441466817323,1
7.10912697793744,-6.26066699960587,1
0.420995669639169,-5.20205573929404,1
5.35421515550143,-0.265105534246913,1
1.6157458663344,-1.61574010788925,1
0.787226716532739,-3.018719762494,1
9.3777356296923,-0.707482990571136,1
2.87540260712883,-6.26862920186623,1
2.24555046829941,-6.25516401133434,1
-2.371649444547,-1.53161512385564,1
4.41157998094527,-2.52497431146366,1
5.43358176307411,-7.10917919676887,1
6.41000843755734,-5.6668860661884,1
3.91681884290147,-1.89421715792213,1
5.63163725980995,1.88945287520855,1
3.84617468859734,-3.93767226596886,1
0.272979854921478,-2.36802423762317,1
0.921817488883869,-6.32751924954572,1
2.50314369402898,-1.35603288794233,1
2.24069939270191,-5.58012595711578,1
3.34694928708678,-6.0474198396158,1
-0.71923817454926,0.573734428865047,1
3.59491808463506,1.85052846736932,1
-0.612086053785837,-0.460080434229881,1
2.56679331447645,3.56376106757317,1
2.47232075143771,-4.08868740369247,1
4.03814509583849,-2.53714198079627,1
1.87535370249231,-0.76668295590468,1
4.69059109306859,-0.830507748202352,1
3.98082186010443,-4.73829065786448,1
1.28467600790884,-1.54747023535714,1
0.699788612389456,1.15934260802826,1
3.07959547897717,-4.94533077586512,1
5.54150459584433,-3.04946337569684,1
5.93247972716517,-2.4812294804207,1
7.3314264212496,-3.93934302251307,1
-2.3501205400507,-6.71392800998445,1
-1.00218119601454,-1.55505995334252,1
7.43148208424197,-3.47774335786105,1
-0.268497652724993,-1.32719110754791,1
4.11133783943621,-3.93365882582826,1
3.99926532994639,-2.98429826514254,1
0.182553612579833,-1.32058636289717,1
1.76357504511403,-5.32625317166831,1
2.42112827771435,0.840812170034495,1
7.80680432021834,0.429620814251042,1
1.78749664325269,-5.51604011483067,1
3.8424841746461,-3.39682555651727,1
3.34055874831402,-5.76891322448385,1
0.829215343084671,-5.6353870891688,1
4.89272988491877,-0.397859737556349,1
1.32792049193382,-1.57289339646765,1
4.57144569659746,-4.8124555254409,1
3.0241913296691,-1.00750255940739,1
0.514594165430837,0.052754319906883,1
2.49498808269892,-2.85457968588957,1
2.40146936146454,-6.62958420568052,1
3.83046882977689,-3.01672387692015,1
1.99537425801182,-3.53874608086379,1
4.02219466200932,-3.36109663559549,1
1.70117581626253,-2.80298656301536,1
4.84730956713898,-2.91200138911961,1
1.04976183995958,-0.964771552594091,1
2.27395024516502,-1.56616644238514,1
2.64246167259087,-5.31304894045918,1
-0.123375121629885,-5.20576628224912,1
2.42647402426672,-8.51792949137073,1
3.93817558778235,-0.306519949175053,1
2.40682662678622,-5.71772846769339,1
-1.08324337619792,-2.4480863546202,1
4.00913022505743,-2.85894453956018,1
4.70572949585321,-4.64708692392234,1
2.38139145187214,-2.32455053304887,1
2.44633800390184,-1.80660800951611,1
4.21393869104283,-3.66582306080839,1
0.638777097548892,-4.77435503438451,1
5.68351952683268,-5.9495970884297,1
3.14631035743853,-5.44048824721899,1
8.65125521547382,-4.55430203859646,1
4.55226812656093,-5.37233022453594,1
10.8185293636348,-6.27307400210047,1
3.8730858817833,-6.06936912208332,1
5.00663873638995,-6.07609913993711,1
1.91362322181672,-6.90726534836505,1
2.02582382982216,-2.99846004471915,1
7.26511169218993,-8.64125526867146,1
4.3347558673708,-2.89729056550234,1
1.50847092316045,-3.51976736506396,1
3.95701201108146,-3.09190558571764,1
2.89209647958044,-4.91211184212896,1
2.01768873548224,-1.81448991968467,1
0.740483793279224,-4.27122316818165,1
3.17986182264651,-2.20154337307089,1
3.94549832670065,-3.49476935751423,1
-1.983367419546,-1.13475011088813,1
5.45309375065346,-0.074059608236408,1
3.83150322868344,-0.934117479112328,1
2.27207341461042,-5.72949451920224,1
2.57052905583672,-3.61161944141198,1
5.4290617060368,-1.05757737015327,1
1.71976171797227,-4.05086113860436,1
2.87050836308376,-2.84570008761772,1
6.44038120720041,-4.22844968751791,1
6.11635016109946,-6.43382485585317,1
1.30195100824218,1.03645332963593,1
3.91421566105908,-2.79930891335351,1
4.39308750794744,-3.57436289043162,1
3.08600216692934,-2.51797649967841,1
3.56534174643508,1.78959810529433,2
2.79480460353032,7.72169985981713,2
3.24528034967676,5.47705069067804,2
4.10279035032265,5.33267273656827,2
2.7196889141068,2.33527760819869,2
3.27270752557007,7.47367494613923,2
2.13242977408435,8.59659672240508,2
3.77723642065696,4.414960530873,2
3.87805228472455,2.45274268666513,2
2.13769429628401,9.32761585481813,2
3.09957684753879,0.409234224012244,2
3.13917466179424,8.18237228568986,2
3.123959802985,3.33361016263662,2
2.94292423217914,0.723432277991043,2
3.3225518720499,4.96666148016496,2
2.85159072475581,3.86483167568965,2
3.17718490871542,3.28524352901504,2
2.4963909299994,4.87517763537994,2
3.61259621072985,7.03006939034412,2
2.64554138454443,7.21979419546039,2
4.57393845892177,6.53197444445122,2
2.9993343625234,2.36191342146941,2
3.96286156840519,5.9270742740215,2
3.25771845961341,8.01079521893572,2
3.92100874711544,6.5789301575322,2
3.42010979540793,3.76414717110064,2
4.44535900293341,6.15375549728841,2
3.54521387002846,5.14443565333368,2
2.94950019676122,0.863508735410811,2
3.21694111655616,7.34283628670936,2
3.26886309454358,2.66228452251288,2
3.85814378655487,5.96106913375942,2
3.19397471766923,4.65862279070143,2
3.95214258482532,4.62319958117728,2
3.12974750659571,5.80402281882373,2
2.36230694637256,6.61480757226383,2
3.23150553371593,0.707174582239428,2
3.77297039685553,7.5544356641119,2
2.69324336688269,5.47363612265357,2
4.3792696155406,4.01162367434867,2
3.54322516940876,6.76104636298166,2
2.71852459117278,8.34130860066843,2
4.33134625518461,4.15373214600027,2
3.28686871278942,5.96541385443168,2
3.33417967233797,3.57066784436354,2
2.03843292248349,9.73921369249623,2
4.29374528286319,5.83235563658152,2
4.14989445540581,6.56672819510131,2
3.50016560322681,7.02849225132377,2
3.20849203876927,5.96464644792457,2
3.38142195164322,0.781505160390721,2
2.69764309393933,6.70131156438031,2
3.32308914151661,5.43677035169526,2
3.022837748787,4.74363314709312,2
3.63875938229069,5.24182855341974,2
3.29303459435471,6.17435695738742,2
2.94795207169577,0.686217217222418,2
3.31714746775211,2.64646191672416,2
4.29472233652478,6.24345798852894,2
4.29395049817425,5.90516364956163,2
3.77064960015681,2.85670815882806,2
2.38442962871409,7.75163178593777,2
2.87645088494456,0.413590295301755,2
2.78153934101002,7.69398201834707,2
3.28933285989497,1.81283254371479,2
2.53551510977966,5.29244311579704,2
3.23258382234924,2.5520273428774,2
2.92567482282479,3.06296338799551,2
3.30714355575543,6.74486827246044,2
3.2390749264024,4.1666027144009,2
3.02454713566476,0.453379491371808,2
2.71720734854102,5.64862063971255,2
3.56046406957676,1.44068821359406,2
2.73378939986247,6.2591131977775,2
4.12931059654398,5.01718419365325,2
2.86344792005172,0.5768226740318,2
3.44259870877418,2.10933266897517,2
3.44584351146093,2.27495775172462,2
3.52219576013889,6.26437717856907,2
3.90497261343186,2.33361443452198,2
3.49108148680236,6.97951633848142,2
3.4466973405783,2.97128494215436,2
3.45719143710768,4.46503281637388,2
3.50605080206342,3.8041921512702,2
2.97474036847842,1.37742491413471,2
4.60028555517956,6.37655338286551,2
3.87209785626251,3.18791566337834,2
4.01273800586433,3.03501057214831,2
3.21433649045153,7.05135862167077,2
2.51042767716528,4.50883791826157,2
2.16922927473302,9.16922319020207,2
4.70778158537735,5.47336909570972,2
2.63340406670744,6.78876382861906,2
4.78980649008963,5.61855217186654,2
3.44186727392523,6.52176537098509,2
3.02507898490677,4.90954778643498,2
3.46379733666519,2.76649728965638,2
2.72519460982579,5.7269719054105,2
3.32245990154483,1.69381137615643,2
3.27173619976979,3.89756590701521,2
3.92110385280807,3.2856391794679,2
2.10297061334201,9.36500510453587,2
2.99248071788052,3.34229971618651,2
4.33934353654643,6.81807828234056,2
2.78983482269329,4.90930581285557,2
4.24263924251094,5.2819183178204,2
3.03046094315177,8.29253816847072,2
3.99696919840251,6.75116711734665,2
4.36185744962675,3.91276450522828,2
3.56984245670585,2.92271420409071,2
2.85714363493243,2.0034623710794,2
2.65535002559629,8.68594903477568,2
3.69756403382183,6.49221774855019,2
3.0956789391426,7.73804316031674,2
2.92629261199675,4.73722719431721,2
3.75621043660494,6.99480575062264,2
4.62338559807807,6.27872314066564,2
3.24042291531606,2.23574454519228,2
2.71499831569186,2.5015273952378,2
3.43246407406348,1.03862851921466,2
4.31878223840224,5.82329622940557,2
3.49369114575434,3.98576623630543,2
3.11859504547511,7.38965354968891,2
2.75154766826071,6.63444460299653,2
2.94286731262649,1.83995218550885,2
3.65437832210428,7.25094518327043,2
3.35904896521884,7.81870805827078,2
3.71656447695249,3.13390182977851,2
2.12397773880669,8.96293363368528,2
2.40642007356758,7.7063778775153,2
3.56154900320887,1.53085471050207,2
2.943763480809,1.00888408345008,2
3.26147872552794,8.26062399800024,2
2.83076172630225,2.51172315290775,2
3.60534696969043,2.94254273981888,2
3.55550770516051,1.35920687077143,2
4.17521834633189,3.37845298901381,2
2.8875507248271,8.36740559486513,2
3.2169800373125,3.57687961159772,2
3.30255654544202,1.65543292100689,2
2.80722542476788,1.18116603450572,2
2.88764099243061,8.73192978766213,2
3.26997271491913,6.10637499582897,2
2.54601202698904,5.0158954566266,2
4.82488114266956,5.80540780518599,2
2.3442204854442,9.39393651992922,2
3.39589269170416,2.95640617958817,2
3.62240547938984,7.73940776665627,2
3.8175459947802,5.92913528459357,2
3.31802971924906,3.49634110880033,2
2.85539020246989,4.55167965249809,2
2.95503290631239,1.81739317341282,2
3.34083798266018,8.13153344887515,2
3.75127024239207,5.80386603958243,2
3.16627796008551,8.15413813813456,2
2.98987740383586,4.367680952783,2
3.86749043412931,3.2836714307418,2
2.91344142665877,8.25284181683406,2
3.36582334188693,4.10165406044157,2
3.59951229800835,5.55612254770611,2
2.53518620331311,4.4054645084748,2
2.6134087599535,4.2880802968265,2
2.41552001729644,6.9561459268976,2
3.24837301325051,1.31845136922382,2
3.74234644275162,3.22323248236508,2
4.11525555022265,4.30213865100251,2
3.19801255992051,2.5316685286045,2
2.31463157034788,8.53280310373964,2
2.53207737905233,9.04196872948819,2
4.72213301688823,5.22041921718852,2
2.96315690290351,7.8109331241166,2
3.1775428689148,1.92351833819981,2
2.88538947284901,8.42151396826772,2
2.45644145111163,8.86349707109407,2
2.13672359001595,9.3748876752976,2
3.96094845268321,3.15333400162367,2
4.54342833445151,5.60903870547188,2
4.13563948522339,6.34924875153725,2
2.6134107064352,7.54283293685796,2
2.6538189686266,5.81984630121703,2
3.84829359901993,6.0418467242366,2
2.59454005541328,4.39888420192606,2
4.39843153322624,6.62347282273821,2
3.46256208052908,5.54748279931945,2
3.33209040321548,7.47621331510755,2
3.01006956002831,5.06744085386207,2
2.52928513897939,4.53738340674848,2
3.20104507642303,6.50407722607734,2
2.38584701796873,7.12090730043357,2
2.65138581814572,5.22394149026751,2
2.92123680033778,2.52446365369831,2
3.17607530309051,7.56633017399172,2
3.53029287642599,4.41494404531877,2
2.5275909512352,4.30128630473485,2
3.3655217876201,5.54145262051148,2
3.2536947497314,6.44829639140086,2
3.98952196067392,5.69005921872033,2
3.23690042705824,3.40375023678391,2
2.77523759869735,5.9887573151806,2
3.43738829202329,4.62343392215047,2
4.66955504559748,5.97981918308755,2
3.49274628926945,3.4143244195417,2
2.82758601281608,1.35209500760575,2
4.16760725261578,4.35801118747032,2
3.51836904862494,2.16907099061271,2
2.93930201945246,8.16456089792492,2
4.28739135221182,5.3280789207314,2
3.67290769928984,3.99560694545351,2
3.67255932004931,6.39868562004973,2
4.56367268821982,5.86017667269156,2
3.6993071583034,7.53933959047867,2
2.89578689368439,3.1975223670503,2
3.33053682603137,3.0687473317325,2
2.26565566363948,8.39384731569257,2
3.95065991355882,5.71337694824165,2
3.32159402487142,4.27357052002288,2
3.48295805578036,2.28027199536855,2
3.39216113939704,0.427503230597276,2
3.79579892023808,6.6278848427532,2
3.89924916203943,2.80088524647394,2
2.42931669013513,9.22950280107628,2
4.34387358920688,5.72228654546778,2
3.89444645352606,5.65896010646106,2
4.18276547028092,3.87187586519598,2
3.14492736627392,8.33325016268109,2
3.26767581981153,7.30386867898724,2
2.99042152021806,2.93646426515048,2
3.6137037346018,1.61754611090071,2
2.37072895714079,9.30754695644275,2
3.17412886605685,6.259832118187,2
2.96097135640303,2.37391376730671,2
3.62213395820971,2.98654877976106,2
2.97274334582222,-0.351600066818849,2
2.37940059023827,6.23066084583324,2
3.64710643669211,5.79479374745531,2
2.65252638443415,8.29829489742172,2
3.33460789517563,3.71246638548659,2
3.39580342676564,3.52512499742931,2
3.52621676652242,3.14023168538808,2
4.26829903927785,5.90678508305026,2
3.62768311142926,7.70138129913067,2
4.09787066502249,4.30842469251472,2
3.62407792129208,6.64522319618975,2
2.90846471537747,5.10645845868087,2
3.46783081879759,1.55506314279466,2
3.42670010482704,1.75268188318755,2
4.39921429001014,4.27259144832038,2
4.67547825814246,5.19913978947832,2
3.1852050112175,2.32572728743767,2
2.94987266000147,6.38149707055262,2
3.04997097155794,5.78943442080425,2
2.27493496744537,6.99352227152531,2
3.23187994378444,5.11980932318538,2
3.10942803844088,4.19092935540611,2
3.92937950495231,6.31507532079498,2
3.66165013351059,4.90032287565459,2
2.76143199210687,5.25784802508441,2
2.98959496949832,-0.384330400332523,2
4.27225203210457,4.77996793946712,2
3.48530806413826,7.15660407899946,2
3.38223742514752,8.09406616290772,2
3.20728333179415,7.55471075580966,2
4.6937175155332,5.08326825043476,2
2.72975795143275,4.70185886276063,2
3.4668378463212,5.98929739591766,2
2.40681138219063,5.58626043342023,2
3.173180185271,4.79944024411977,2
4.0081969763792,3.80948051055192,2
3.91851560128543,5.16527547526485,2
4.18098914078704,6.58529452092812,2
3.86849827605846,4.62730034045135,2
3.75719919705268,5.72588131724431,2
3.17536567043408,6.43688077366809,2
3.71488429781327,5.71500461451669,2
4.30436897482082,6.61864383906918,2
4.19820602412714,6.29503214578736,2
3.73716004452503,6.74567493071839,2
2.87807661589983,4.8769471883599,2
4.36466825698021,5.31435516377415,2
2.59882928609635,6.66629217927726,2
3.41401597157927,7.27050174285486,2
2.40961221377148,6.3938580370486,2
3.88166852622291,4.72972380872063,2
3.0426006917925,5.2272596825017,2
2.23753990140139,7.85104896324511,2
4.30921094463874,4.13854262221408,2
3.17098181298725,6.80436460859155,2
3.67643890271653,6.12146275858609,2
2.82775146737771,3.64775854545295,2
2.81852663185563,8.3410930732924,2
3.40829600843299,1.10089669201059,2
3.07567742180296,5.89122983071565,2
3.86552530550825,4.75961952669877,2
3.39380266150007,2.44360692549868,2
4.22053086444987,5.53759483192622,2
3.43056952609764,3.44662762004893,2
3.32912166267818,3.21839694437182,2
3.56848826832213,2.2552888891877,2
2.9896947204118,8.01318309732789,2
3.89179137537302,2.3688428679288,2
4.28735088250246,5.409803362823,2
3.29674194114648,0.293508678777997,2
2.96022671055457,6.6796087270085,2
3.84421381189646,4.22623948253208,2
2.61865551380584,8.07539481614151,2
2.60197351882995,7.17829092675152,2
3.32624262056442,8.10052770124717,2
4.13212458410729,6.72783392018928,2
2.83333653496795,6.74894499473938,2
2.57610842563312,6.57996795426147,2
3.42633548808586,2.02383472285633,2
3.75361542505736,3.80395148907832,2
3.56615595856465,2.985672952962,2
2.92921240572311,7.28814189050666,2
3.06230573616328,2.06988108693537,2
2.50876638958128,6.43793081283609,2
2.63959213105068,3.65807924927021,2
4.28828709772557,4.75452073304725,2
2.58310479210116,4.05431806474498,2
4.2121321102258,5.49417213235031,2
3.82433867812735,7.39255211334895,2
3.88574161626518,3.47581339936859,2
3.37037979486359,1.82771338219856,2
3.06144657701014,1.90115584264319,2
3.09405637403171,5.67585154189491,2
2.87482744833985,3.13609150099528,2
3.35113421757413,7.28616058871079,2
2.72258950442021,6.73136781662887,2
2.99184205806037,7.18441439611553,2
4.33172139718202,4.6722140519726,2
2.14107184673962,9.78476759119289,2
4.40447224681348,5.75966963686768,2
3.08448142658741,4.35201323279118,2
4.33801891208393,4.57949909020739,2
4.0371917233628,3.73026878556333,2
2.52691465020606,8.05000056896221,2
2.0876671009223,9.45648242371385,2
3.37890172750703,2.17801652277214,2
3.03309386756457,1.26618161612657,2
3.14012478056931,2.29824977383405,2
4.57478651109681,5.75982733568943,2
2.84604748409052,1.02583060370442,2
2.2009093954641,8.92839078427264,2
2.66122027646254,4.50793911755105,2
2.72327895753203,2.28563208616242,2
3.98515453163854,5.40475378389039,2
4.27362844610646,5.31275688343226,2
3.13769574684479,6.68756691886831,2
4.51632833205908,4.65737817033066,2
2.78314904276204,7.03214868738944,2
3.44293284022012,0.780892758918176,2
3.0375337142959,6.37817985472108,2
3.52967130734165,5.81486535275604,2
2.40920041564796,6.77300666156968,2
3.14142074498673,4.55662415550758,2
3.73241214473894,2.33968307028736,2
3.64288085135803,4.43819184137728,2
4.03887424793696,5.78042993920925,2
4.06710762312954,5.785978890233,2
3.96765020249401,2.55838902978022,2
3.68235866729871,1.84665254539015,2
4.43886698151853,6.01765664126043,2
2.83308066611691,1.44402672779249,2
3.36744158069894,7.22647323347742,2
4.18901637851251,3.29666010826854,2
3.11905415371095,0.777442466844843,2
2.59024512733315,5.98284303669814,2
3.70592640545731,4.13561822743811,2
2.13006054344904,9.23997940331786,2
2.47213008992376,6.70471965475579,2
2.33559554461016,8.53412803477533,2
3.02823801438727,0.749854806773211,2
2.94831936671797,7.34284109630376,2
3.49891554079734,1.82021119236378,2
4.40813606014082,5.80592543274317,2
3.15128031950485,4.12588462941201,2
3.33265606630707,3.34502116898467,2
3.00918705157122,4.54172942463796,2
4.65438481794564,5.35131829916069,2
2.47574531392703,7.08714996683202,2
3.27937293481394,6.436440072006,2
4.15119244762655,7.07371693662297,2
4.00855856700682,6.48736280405306,2
4.23717646258048,4.42507769449807,2
2.88507639895827,7.96855872245518,2
3.04400828290757,2.77195646787915,2
2.48902642785014,6.65925006120713,2
3.42590877547635,4.11312291288522,2
3.30160488115593,0.615731815045551,2
2.95235189331795,6.86374046007787,2
3.03159609557437,4.23768610788969,2
3.71038311340215,3.56611749224015,2
3.4094120968315,5.29670294950257,2
3.67235501176874,1.8318598447545,2
2.9901250029592,4.52886983148722,2
3.50856465244634,0.858306762390151,2
4.2041957753013,4.08956047274414,2
4.83886000959175,5.85843250897004,2
4.60424235109086,5.59118921530624,2
4.3484429238016,6.48554600597749,2
3.20952272131987,2.2668832560651,2
4.50029537348085,4.33356807309049,2
3.98169569073071,6.25002309130471,2
3.07321706835341,7.25523330721346,2
3.9032653339851,7.17935374582598,2
3.24980714448058,4.80030465657503,2
3.59031739372547,7.78122529507191,2
2.77268142754764,3.26285752390444,2
3.5706232421836,6.25284265398029,2
2.57510089490405,8.77174844912416,2
3.75907784902532,4.18594708080371,2
2.84278875064631,1.37341652813054,2
2.85017836963442,6.34072651191161,2
2.92972248999157,2.25483040365228,2
3.46045246800303,6.07176911807894,2
2.78102661176824,2.00030094050907,2
3.85747268927027,6.77221577963184,2
3.66016179937954,2.14473235805733,2
3.01541926816215,0.408322877077016,2
4.04112392202961,6.51162633388627,2
3.89163042927492,2.96043956363371,2
4.23464580422497,4.82957087697122,2
3.26110009161297,7.78568178457532,2
3.52064635626852,6.25131291169074,2
4.35540174730284,6.58855519427939,2
4.22859438906078,5.5973891010589,2
2.76989555060968,8.96457494031824,2
3.55658849047295,2.59565939263214,2
3.47645300475697,6.84902620374556,2
3.14741859240052,5.54988751965628,2
4.3047066559013,6.34241316207615,2
2.32743410737817,7.28778948404138,2
3.34629808726085,7.45647830957746,2
2.95559462618765,3.27015327446693,2
2.1822715745301,8.12780206495181,2
2.96811079347536,2.39177339300487,2
4.16851391272792,6.54709557863538,2
3.61983087285552,7.69800598412051,2
3.49470955537678,5.65115009698315,2
3.45393919812371,5.40309582783096,2
4.68292593662971,5.50198864615173,2
3.56862928290735,4.41867459823992,2
2.94770335426732,4.43241539492925,2
3.53993369461442,5.15849981819506,2
4.43112562788871,4.26078830684879,2
3.36736150664822,2.41258863058811,2
4.20509694883287,7.03340103707903,2
3.0790555319608,6.16652542894755,2
4.14752788569895,3.60002354932067,2
3.95476231437053,6.87376752136276,2
4.68320652133755,5.91994841607357,2
3.13822408396753,7.70873808515054,2
3.94565387182183,4.32641107302239,2
3.7618808780208,3.88504744460284,2
3.00667750264064,5.69826149332962,2
2.5606795847458,6.11450647663198,2
3.14621938356818,4.5605384026219,2
2.9348001087778,0.389732225925259,2
3.80276780157699,2.8609036764206,2
2.89360413674046,6.56430737906232,2
2.77401910038203,8.95698064915293,2
3.87345152925468,4.76437088116619,2
3.24985948697552,6.70427050810777,2
3.40317095398689,6.98336107751542,2
3.4010433394405,6.64184180449169,2
4.13205172718881,7.01849259220302,2
2.81512460446647,2.16860509309636,2
2.69295861126242,8.91283201346367,2
2.96114689743329,0.614580054837469,2
4.28593953378769,3.9811913582855,2
3.73949419744134,4.12109149021561,2
2.33089651458934,8.7220044752306,2
4.55457758759974,4.48883710497324,2
3.44737241501824,5.56986165364896,2
4.08242726292915,3.24863734126961,2
2.3200862702223,9.42514724094509,2
3.19249024144374,5.93078350533993,2
2.47216685633199,7.62599958515666,2
2.91565659802885,4.09181680442285,2
3.95570118236104,4.42099195386824,2
4.25895751298049,6.27466224418645,2
2.39251321613018,7.7625818693474,2
3.62808434089498,4.19719549335601,2
3.28394623187568,3.86505074611778,2
2.38016404029672,9.02288990521783,2
2.36932267834276,8.77342958854081,2
4.06673961668195,3.58630847089492,2
3.25218917054315,2.99976299355804,2
4.07392456960582,3.80743806977575,2
2.86631129144074,8.80648791813208,2
4.18248778185084,4.20709467542409,2
2.73714302314409,6.48546926406522,2
3.00982094260454,7.41223761409916,2
2.32078737390928,6.64443017427339,2
3.96647104489334,7.32456475065474,2
4.83399109471273,5.85586487077882,2
3.32151836087548,3.57126248702649,2
3.84901011512657,4.28195813171991,2
2.71151261116413,8.25686831758792,2
3.58623104953624,3.28358736222771,2
6.11183793222179,0.404192708618474,3
1.01346139474338,-0.458700816631806,3
4.46307360457268,-1.15024458621608,3
1.6353345807842,-0.206077056010194,3
1.9072375639901,-0.700488712595904,3
5.37141258654626,0.710924632234322,3
1.32878670957801,-0.902285938754337,3
4.25551458257902,-0.737946341017217,3
0.136824209438672,0.921134202622419,3
5.08334442923106,-0.52120125896462,3
5.88526705213887,0.136978280383177,3
6.1055210887063,1.22121854478577,3
0.455004421969548,-0.855361800526591,3
4.14838727900761,-0.963541541849069,3
6.20641456138529,1.20276523372944,3
-0.0296747229314729,0.616205787350777,3
5.98250143086407,1.47776982565533,3
0.0853946272858219,0.926340693850384,3
0.327333936599013,-0.619466664016814,3
-0.0563756972079614,1.10852077557892,3
5.20645086357056,-0.130316244592998,3
4.23205468901224,-1.40682326868602,3
4.88993461022502,0.246979562184365,3
4.63069301495444,-0.660876253566121,3
1.68737334186548,-1.05475770909829,3
1.1413498008914,-1.45968479487037,3
3.06494886052524,-1.77315003193014,3
5.93131668207946,0.838463349434274,3
0.105922132584691,0.755934476205457,3
1.73298733183678,-1.27842516405043,3
0.623985223828133,-0.425131676936016,3
2.96363641208157,-1.15244204902335,3
1.87804061974484,-1.52005522362409,3
0.170742506638961,1.17133058328612,3
2.00817844100216,-1.18871080356204,3
1.01501914659026,-0.780605524664115,3
0.765027826682976,-1.08168213595397,3
4.8753487572091,-0.708594808694363,3
3.68073458664938,-1.73641605783952,3
6.30830430204251,0.764578309437188,3
5.77414536258975,0.343273034996836,3
-0.0900567478238303,1.50678944986216,3
5.22237666209706,-0.589651067874887,3
-0.737972884674095,1.48247025810749,3
6.02305839589922,1.42310066862613,3
6.14673930189166,0.634055830820317,3
-0.422943037070014,0.642246218410143,3
-0.509819571636453,1.2632849716273,3
6.13284930294032,1.28830708229722,3
4.83520310158137,-0.803229815277679,3
1.19691073535658,-1.01823014951608,3
5.962706635181,0.885045672721385,3
3.92200032267924,-1.46426352611455,3
0.485398612418353,-0.221598693071083,3
6.42288736880811,1.49178751922709,3
5.82719797220609,0.537790710416288,3
0.0335596431280921,1.38990261647075,3
2.72054810975202,-1.12919931001189,3
3.63807721755902,-1.50184153867135,3
0.287456790639569,-0.473322155556324,3
5.39188553999561,0.269963373399325,3
5.54394890125567,-0.327098183368202,3
0.741366161127003,-0.949221065462105,3
0.474651904926672,0.58227696561833,3
0.364128997010786,-0.4608727933977,3
0.133547149389858,0.809042656669992,3
2.22116500844601,-1.57261822197213,3
5.0032553993961,-0.245677307262129,3
1.90625698053832,-1.54315357280953,3
5.75055758302027,-0.0325044559872785,3
5.60492345628482,-0.606122252923472,3
2.81622462209168,-1.71844351859317,3
5.82954039102147,-0.172801474729941,3
1.17217582272405,-0.922987855606384,3
-0.22926373865082,0.955093733264568,3
1.06135005470171,-0.840770076738691,3
4.5302323550174,-1.4655429510917,3
6.06893361204438,1.38283733610463,3
2.92077934693291,-1.33806265270729,3
3.53867757142349,-1.42125667122179,3
-0.233494149936213,1.11909928642663,3
0.265319497068965,0.72967015878486,3
-0.175610991976164,1.27944158644038,3
4.35523829435651,-1.09319826699647,3
2.07543123397613,-1.10360294655996,3
5.3210241119776,-0.501244624308251,3
2.78862491013508,-1.58151490413989,3
0.555180306945236,-0.568856995425346,3
3.2800596595895,-1.45765495770868,3
2.59707995055758,-1.58157084048465,3
4.76652363136271,-1.54907413590998,3
6.15054084901047,0.241200288099744,3
5.58971996940114,-0.565366820050805,3
2.80410704622958,-1.98426092381519,3
6.3746103601848,1.1183280565386,3
5.25396605752587,-0.806747785497286,3
0.044090615047592,1.35786722096753,3
1.27089056923021,-1.71529237863943,3
4.56806511905364,-1.36735830400611,3
1.27278156362985,-0.546253140276843,3
4.2213780569211,-1.78028192134041,3
3.29053994033433,-1.88243654591048,3
2.39335823607691,-1.26909153182523,3
4.41373852452301,-1.33320486971763,3
6.39630172050931,1.41350566245372,3
5.21006767026291,-0.634167800781816,3
5.79144914432019,-0.0458593222361545,3
4.0844061629584,-0.680401901569441,3
0.922993193819379,-0.140411235995502,3
5.67697008289046,0.0917466020432865,3
6.11280038036512,1.12208878567012,3
4.57793012994137,-1.1030785124113,3
2.08891695618865,-1.46816933003486,3
5.2117411918429,1.25188666954492,3
1.16193258004006,-0.108213503324868,3
5.693079523053,1.68905330463604,3
5.7300643502279,0.406676328010386,3
0.0744032939776594,2.08466528265062,3
-0.491864036419538,1.21676181656574,3
4.08923551094205,-1.69045276509988,3
3.23175485995873,-1.54339620665398,3
5.30834792002281,-0.620904776043698,3
6.5717529976479,1.69084887461716,3
0.272528165884546,0.643309369075461,3
1.75611822015983,-0.749120956664739,3
0.359360316222194,0.00423657853269884,3
5.82441547790377,1.60865820063268,3
1.32728858582393,-1.11233717441232,3
0.954739564111813,0.141903088800732,3
1.01656009246596,-0.844862232469127,3
0.464469404653669,0.301076141673503,3
1.66502322678849,-1.26072743887395,3
6.30106685946948,0.450710068592161,3
3.90473483507314,-1.1406885719752,3
5.5308209140326,1.18089520865425,3
5.40379270745719,1.06786046793613,3
4.18963138527885,-1.07849898288175,3
5.9115589736242,-0.164731295078764,3
0.606944944178629,-0.58917432984932,3
6.19554603837411,0.349993865595328,3
1.14338776727474,-1.15267102222946,3
1.74364085939413,-0.442003873764921,3
4.58941172306535,-0.455057182230216,3
5.80875723697258,0.783756822066367,3
1.91984893650545,-1.65178727341796,3
2.99084346262552,-1.29414924385568,3
5.88901356691572,0.263253196407398,3
6.04482869284294,-0.0946242196633858,3
5.91265767236912,0.154469271608241,3
0.116347677929501,-0.262755400153319,3
1.81527644213649,-0.783734307227415,3
0.188835706648591,0.883459133105146,3
3.55515713341654,-1.32250366602588,3
1.09735361170715,-0.325632936827842,3
5.24647331476448,-0.202746031300971,3
4.90675239522546,-0.741123933128022,3
4.89141961532789,-0.803783608524119,3
3.25999556326836,-1.16660544172796,3
4.89257931747701,0.272991194696318,3
6.05125613027541,1.02985865586759,3
6.42511086578555,1.43280776150197,3
0.67106804285975,0.0864804676645261,3
5.22496741123147,-0.142856359819126,3
4.43227060030106,-1.3207800438683,3
4.23811023588656,-0.909308863579328,3
5.66397963458585,0.843224423689419,3
0.19752660734161,-0.406108037400818,3
5.18742715174529,0.833612767529068,3
4.23417246480573,-0.847608093599064,3
2.96490481250815,-2.02764948264896,3
4.22536441977334,-0.981232056735669,3
0.309323390072595,-0.561456144675214,3
0.0339466047337084,1.35786771135474,3
0.617731685667725,-0.811134576004713,3
2.82792802004831,-1.18151907634076,3
1.91327672910993,-1.49945142552942,3
5.60844378153762,0.432239206577908,3
5.39686572582775,-0.365641075914437,3
0.544402511375998,-0.517457294812792,3
2.86508054464061,-1.37428077664584,3
0.0144611155253407,-0.212764668449741,3
0.223668442186653,0.68341551114149,3
1.33535804008574,-0.775435079481822,3
0.997920960062996,-0.634539776122551,3
1.70005202412918,-1.38981508440873,3
0.916044656755123,-0.118845686394486,3
2.89382372276025,-1.3081825184034,3
1.84701053551583,-1.63230422381308,3
4.86024510552506,-1.24175941823057,3
3.13991374349595,-1.65462869573199,3
1.79215997565769,-0.90097689617502,3
1.6918116179678,-1.28422457681721,3
1.01599270909463,-1.04817338428911,3
3.76466594604163,-0.56085523734363,3
-0.0590181834389325,1.53673087701713,3
3.0634303163436,-1.17886431948004,3
5.65134804045074,0.365666426332931,3
-0.11053470209182,0.520979874473675,3
3.8412396124952,-1.78256245334801,3
1.98987968931693,-1.13148947264584,3
-0.276352289933915,0.663117106641986,3
2.10871756407022,-1.30108463290769,3
1.77798560286747,-1.55200043436416,3
4.29849005084258,-1.63812401705262,3
0.302255744732028,0.556362473732396,3
3.26952243286585,-1.4069415484321,3
6.25414778775374,-0.497512774570097,3
1.43048808045013,-0.901250250989135,3
0.101460614097974,0.564655562494035,3
0.292974640319728,-0.105364321078616,3
0.377936607281964,1.47456252843899,3
0.941226225663084,-1.062079946109,3
3.35209825400683,-0.973420043210686,3
3.58151199878887,-1.62437814360908,3
4.66713599688646,-1.0775527689132,3
3.34379727702963,-1.49353410514652,3
3.39101020704907,-1.36677099803996,3
0.014625718873164,1.91676907162824,3
2.82308994855301,-1.53906417324264,3
2.63131475521329,-1.45747667147417,3
2.75078982696874,-1.67239415758067,3
0.449879972149031,-0.0315786534902935,3
1.71162037446835,-1.73744328289704,3
5.56452627030102,0.0399863875380362,3
5.01517798365374,-1.40423119719091,3
1.27248965834573,-0.993642102793581,3
5.67435677575899,0.89473674915021,3
-0.0983590916114006,0.669665672423703,3
0.161609726633266,0.107008616362398,3
3.81087193169251,-1.10417284498198,3
3.9328090756433,-1.96820231502289,3
4.96564517431834,0.88168121569749,3
0.943800314743061,-0.668355324371904,3
0.672350482486582,-0.105560398244763,3
3.80991688559826,-0.860487683507212,3
0.0411625767751296,0.99291584686673,3
5.95421578694637,0.903830857574254,3
5.26869035056979,-0.524802883415934,3
-0.129532365512363,-0.067424796810359,3
5.11598604655129,-0.759078375107727,3
5.92766180433126,-0.813914397580642,3
0.301084851503865,0.929413722204961,3
4.14169191155406,-0.812591186347709,3
4.05307044002129,-1.50711451940994,3
3.17141416029239,-1.20513308327969,3
3.68896235856615,-1.3778515374409,3
4.97273211079064,-0.546205251553028,3
4.80449479845117,-0.779826323601101,3
-0.357648739115907,0.780392581731852,3
0.282104799680035,1.18734283632487,3
3.48989529917525,-1.03134512405817,3
0.415525289259301,0.153326132642376,3
-0.25486590887799,0.0986610338125243,3
0.275403346871633,1.21606404667505,3
4.22481913360342,-0.84462554338415,3
4.19618739705435,-1.30496136214663,3
1.76209656449525,-0.859888539030069,3
6.11209115466184,1.160661894444,3
4.38203197415781,-1.48069613446675,3
-0.109299388920366,0.33676811140595,3
-0.606634395888025,0.938829609911893,3
4.23198577557645,-0.978438946074321,3
2.51516814617482,-1.4416319486516,3
1.29606556899112,-1.1169653519292,3
5.76175608316961,0.79906813939872,3
5.8990801982989,-0.466540521377125,3
4.04487749296192,-1.50202973276337,3
3.96409350913214,-1.46182669322674,3
6.0649734401026,1.87943661465557,3
5.04940124036045,-0.0569306439635663,3
1.35656874055531,-0.454282245461815,3
5.77891392236776,-0.63800054891705,3
3.91383180768771,-1.57360629305046,3
1.13489879474579,-0.89604588493568,3
3.44783529226507,-1.81210570670675,3
4.56313359846924,-1.41248582893929,3
5.77266175863667,0.442527851183576,3
0.938086862579628,-0.27911125202774,3
2.36829475273168,-1.41562153419669,3
-0.0685649937736753,1.24418544447917,3
0.307734888467047,0.275019073491615,3
3.38146810049069,-1.06117851216295,3
2.5792626169923,-1.54424671521403,3
0.188657799661328,0.259766017022358,3
5.60618809572247,0.718919762510312,3
-0.0628711330349504,0.989735257157578,3
5.7852381122086,0.557894161295236,3
1.14509868097872,-1.10992568008424,3
6.18850138432976,0.653925038344106,3
1.32572834728622,-0.548141927224684,3
6.18844017177249,0.519764690640894,3
5.29107865562796,-1.10767933468245,3
0.358276898594256,0.543881253580399,3
4.61584288002904,-0.740215221508632,3
6.01252225029378,0.158183931514591,3
1.72471118181442,-1.26430147958241,3
1.91124129514748,-1.21034352198119,3
5.56548658489752,-0.290770444012929,3
4.09043373838238,-1.33797682416536,3
6.79287186610585,0.921789907253649,3
1.90227718206191,-0.814023052130839,3
3.37544347035608,-1.58922882925112,3
4.2369970507308,-0.797192943958536,3
5.41623041082573,0.0417060927875421,3
3.82288290852802,-1.31050751356709,3
4.78798188864325,-0.0267918649067453,3
5.29333861948823,0.107339728298887,3
5.77005328426151,-1.04955333619971,3
0.801387626507583,0.0730288543649387,3
0.179238514775629,0.34806517071286,3
0.137167402635026,0.867086441908648,3
5.84732211474006,0.0921774866035064,3
0.299547085824657,0.328803312296878,3
2.69705256151542,-1.17811633125481,3
3.27437912179241,-1.68485810083392,3
0.67530802945012,0.326203129651142,3
1.73116926689199,-1.44868346924435,3
2.00717969912721,-1.67904079657051,3
3.70546155797497,-1.37653510330506,3
0.509481039778857,-0.219695267468846,3
6.02513924639635,1.13688461435871,3
0.407403990320615,-0.112091334227737,3
4.11903277469504,-1.12828165268413,3
1.72548245422046,-1.89711461319609,3
0.127672091907014,1.19048229567367,3
4.79003815968039,0.360833662409208,3
0.606531357113928,0.343482314520565,3
3.41974863608642,-1.54403638996418,3
5.06544589156249,-0.986800667693931,3
1.12364876918096,-0.704121535744754,3
2.87284567867727,-1.74716497370133,3
6.10948068748499,0.562669802914454,3
0.930345148644739,-0.442808318423477,3
2.71536311518357,-1.75335234484384,3
3.75881564187879,-1.76073904249962,3
4.18532551864813,-1.96577289382631,3
0.033545863138555,-0.183784814511194,3
-0.12140707735622,-0.055334129530198,3
2.86707533333972,-1.69924142492367,3
5.96545093577519,0.333369251717966,3
4.27371740982677,-0.752727049169802,3
4.73079816324965,-0.640643569336328,3
3.5249674598807,-1.79951030950323,3
6.79671712925592,0.780599324325564,3
0.198945760637713,0.84079024196818,3
0.251570144342266,0.892788970082508,3
4.25588363822941,-1.5357228388312,3
5.4008232903283,-0.565546676013875,3
2.19067805322362,-1.28339160846793,3
2.78329960897719,-0.949023098804281,3
0.912384561671931,-0.106448691537916,3
0.842946240634751,-0.641541934041148,3
2.71125233585455,-1.75327960819683,3
-0.292206361122631,0.49235085679102,3
4.40721635237983,-1.08319898009062,3
-0.127046312024299,-0.201801263362998,3
2.01684366331841,-0.959184415924925,3
4.44538741249404,-0.859321044037148,3
-0.0306745481016614,0.503203886969842,3
1.64199489992311,-1.09330890699788,3
4.64489529096207,-0.4346479614656,3
5.49471418734752,-0.0149211471222385,3
5.68752195108532,-0.0341050908231121,3
4.62837358979259,-1.03667128740625,3
5.42845275406225,-0.0271731864447282,3
1.33979165013148,-1.29897394022619,3
0.672534705870746,0.21109877947105,3
0.0569936707421315,0.139749100780975,3
-0.127651174540657,1.65280574816267,3
0.300286176396728,0.0974662527606221,3
3.86060211339544,-1.1502378055581,3
2.34999337535428,-1.12290550772697,3
-0.217815028881482,0.719089079486004,3
4.59434542628897,-1.20801930887781,3
-0.288323878519464,1.53419981683988,3
3.4487174130564,-1.18590572853768,3
2.0324305723499,-1.177305248645,3
4.34052754845118,-0.667968334677797,3
4.82972177963319,-0.785264409913,3
5.86103135570516,0.706139743641765,3
5.03042372661602,-1.00401743404225,3
5.43466487732266,-0.786999955521727,3
0.447706727897426,-0.441340571655589,3
2.66319724358711,-1.50915282015015,3
5.57990056666568,0.977697114943757,3
5.7692861867861,1.21397543024873,3
0.552788374874251,0.195821182477849,3
6.01317592299965,0.401402347698411,3
2.00758291431374,-0.810262034485162,3
4.53943015509787,-0.593972920459652,3
-0.415037410957781,1.38441543362939,3
5.79518712696073,0.896520909361542,3
4.06483099772714,-0.786404549114093,3
0.85515590198381,-0.34656566131057,3
2.19615064945661,-1.18047698748221,3
5.99105532156106,-0.302880553532914,3
5.64906545500723,1.28821600783867,3
5.48547234755955,0.0156911715375356,3
1.06015149849288,-1.01101443402579,3
5.54385721910956,0.288059116314048,3
5.8828467645234,1.31808624894433,3
3.21815799577368,-1.94063854014102,3
3.30184893911962,-1.63049894370897,3
4.43767515286693,-1.17635159310286,3
-0.0235176618989872,1.254579151136,3
4.94952068459727,-0.897110322961667,3
1.12259034081783,-1.160152189704,3
6.59385976278765,1.20354717703229,3
0.10159357254412,0.014389093615564,3
5.54011237230567,-0.0993365858873021,3
5.17122999833332,-0.992481468029726,3
4.51564087973971,-1.71993039267029,3
1.77412986698012,-1.04993854691117,3
-0.0342099985196528,0.291188545775891,3
6.02093546273207,0.328527097830079,3
2.38616663021873,-1.8908136933321,3
2.01158859498823,-1.8282929913228,3
0.858747608259363,-0.250678481153776,3
3.34264023595784,-1.61784373920302,3
1.51128445755564,-0.976445669013615,3
-0.510757509884302,1.55616885355968,3
0.856496499016156,-0.0409341874018978,3
3.09142342706142,-1.92725289513874,3
2.90635664095485,-1.49156283092693,3
-0.403824227196502,0.438455909953868,3
0.203835412695883,0.5854439464715,3
-0.428908785588852,1.38487107820566,3
3.72756041048845,-1.25047668032686,3
5.86580104195318,0.535094161397833,3
2.26619109031153,-1.27208990146028,3
0.541349102382471,-0.546440826028991,3
3.79519765893877,-1.48357143705225,3
1.25627589253304,-0.610754702130178,3
1.89738273971979,-1.22727929642107,3
5.66603068847387,1.51004374419332,3
-0.260276932135853,0.95756689085316,3
6.15763996844795,0.343190252890042,3
4.98705359935249,-1.01381463649375,3
5.54026572766167,1.24261081014003,3
1.60885459146423,-1.48327047399709,3
1.87325276439399,-0.743228678636286,3
2.55785057876702,-1.0363800822076,3
3.48362833581421,-1.51109311299755,3
0.437555049661044,-0.302456280270356,3
1.41752583287468,-0.968699035972202,3
4.32918441063167,-1.71002864067454,3
-0.0613617539572553,0.41614536810227,3
3.81458339812518,-1.52889611865337,3
4.84428245954571,-0.529873979366705,3
5.21117719580517,-0.654169787787253,3
2.39396604450878,-1.57965370531588,3
6.1500778557599,1.23192707387533,3
5.93087898939374,0.509521517998087,3
0.400311395596656,-0.421736561109846,3
1.13927676206692,-0.839873228041166,3
5.02778719390606,-0.922643019207845,3
5.22104834590212,-1.40566154958946,3
5.16674956267214,0.561516160344327,3
5.9269910349914,0.409209301792608,3
1.50488930670091,-0.667471892238348,3
0.506234831133004,0.703136446183296,3
1.07165107709684,-1.15731319085756,3
1.05967627691919,-0.562142696800676,3
1.61798755790568,-1.12073336132495,3
5.07638989376451,-0.959149992806483,3
4.92375442125219,-0.385304806101093,3
-0.388686333124739,1.1925774406676,3
5.15857193716901,-0.421579241684621,3
3.67521640791969,-1.2242550199832,3
0.045735968411349,0.963695887402861,3
1.39886122783796,-0.770543439633143,3
2.01204008029624,-1.4471288929098,3
2.9353240183225,-1.08023066640239,3
4.41246506747778,-1.04959145543378,3
3.00510117543984,-1.36689228553914,3
3.56828483664986,-1.41303263641763,3
4.85617186381542,-0.950207780466643,3
1.28908462346185,-0.541518053331325,3
-0.0308599202172647,1.27133075090928,3
0.932014389241092,-0.276385472811457,3
2.49240896037459,-1.85953668734896,3
1.1606512429678,-1.86706678311696,3
3.40098545497174,-1.68900039564402,3
5.64764187149723,-0.165877556545647,3
0.782769504602423,-0.546718305161422,3
4.50267548870342,-0.679904655071219,3
5.60784841116386,0.571898095002824,3
3.14010742805191,-1.6285335680971,3
3.21961790977311,-1.53679776446292,3
1.93495032743,-1.45023926378487,3
1.62034794677938,-1.04247943548624,3
0.891104154915507,-0.542869111431486,3
0.787417679582375,-0.813759648185632,3
2.97123508235846,-0.663788875975837,3
5.85240169486087,0.650672955408455,3
0.343625744774097,-0.274893479256103,3
3.47548535994277,-0.668625240255077,3
3.70962456076112,-1.0514602325154,3
5.69597854708797,0.431291804271905,3
-0.185642083312168,0.712058228645338,3
-5.84427953996192,-3.92935349988056,4
-4.94926808308025,-3.01460231879032,4
-3.85309748857161,-2.26541714531938,4
-2.97137708092649,-3.86202514087498,4
-2.19604325688924,-2.24314296503864,4
-1.92229727645735,-2.48537640669076,4
-5.89098549059944,-3.42274714557943,4
-4.03456919735474,-3.17181855845077,4
-4.48491056069092,-2.94686863561641,4
-1.5412784029604,-2.0754502926219,4
-5.70795397496319,-3.03484079001874,4
-2.0920101994501,-3.58288177035739,4
-4.53243808207521,-2.61913759147603,4
-3.09666120819519,-1.20224514899452,4
-5.32559175584829,-3.92129951106195,4
-4.3725498166261,-3.44078006380973,4
-5.2388453821043,-1.43765636394952,4
-3.12663080707889,-3.65107629801035,4
-4.91812011459384,-3.39475905249395,4
-3.79925444936555,-2.92875385262643,4
-5.74828160057667,-3.24925151355374,4
-2.72553234705175,-1.08396712788564,4
-2.38684590650923,-2.74400747009181,4
-4.63297410631524,-3.60146329173461,4
-4.24697325100071,-2.30678421882588,4
-1.49311125824652,-1.02425949591583,4
-2.77554021380162,-3.07594072963634,4
-1.77717704410133,-3.74097166766389,4
-1.38197159499887,-2.03700730025827,4
-2.30385496832014,-3.889072692271,4
-5.81184980190184,-2.91206314719145,4
-3.76601228050272,-3.01263855395929,4
-5.9603133451315,-2.63577584669195,4
-3.90018440077807,-2.08268190010668,4
-1.73968860017917,-2.44953351834529,4
-2.10169477093557,-2.49308407468491,4
-2.41996649085712,-2.86745850798794,4
-5.44050263993431,-1.62687702408868,4
-4.1373759313367,-2.89867304964716,4
-3.80942705039487,-1.14004740792551,4
-3.93759990056704,-3.91314177259461,4
-2.95025967888129,-3.41412045878914,4
-3.44136100210107,-2.9253405334117,4
-4.16538927281758,-2.99106211588792,4
-4.59241031649238,-3.13371814719807,4
-5.59790275355923,-1.17912640516517,4
-3.54322712366902,-2.27406489670597,4
-1.44643543963514,-2.86419357591824,4
-3.57881840504456,-1.88792077752771,4
-3.60255381702547,-2.81486391224719,4
-3.5005645809657,-2.9461340120701,4
-2.572019755593,-2.98322284605887,4
-2.57157000213002,-3.09260765481098,4
-4.9365804613166,-2.55942873781682,4
-3.08963399316133,-2.06612451588516,4
-2.8277409309054,-2.05782892863715,4
-2.34492948274997,-1.44346889855672,4
-2.99298234040171,-2.99454516826703,4
-1.05287290201038,-2.56912580105892,4
-1.7609771119133,-2.84471951556693,4
-5.24039568050998,-1.23227279991433,4
-3.89139169222952,-1.55744132755523,4
-5.54123953364616,-2.23148533306342,4
-1.52379903330647,-3.53206325084365,4
-3.46077500507427,-1.69232428579116,4
-3.53294381041498,-1.74639094202916,4
-4.07213318812582,-1.57851522453225,4
-3.0786369186826,-1.0917019953028,4
-5.15220918256709,-2.99370313466448,4
-5.42801695138587,-3.91518984666022,4
-1.98038750732719,-3.64996435429448,4
-5.11065020637522,-1.82256579894271,4
-3.53044483409861,-3.83488187590944,4
-2.4052870595077,-1.82252394264864,4
-2.5422290636263,-2.10358201551061,4
-2.75779796694711,-3.13061974371043,4
-1.81372217763662,-2.16424712745164,4
-2.93921399967851,-2.82412633876243,4
-2.72215052921967,-1.24047980118133,4
-5.90573980207665,-2.79737531823052,4
-4.09617249182367,-2.63722753694368,4
-5.31814816123807,-2.45097732140318,4
-2.34092889884635,-1.51444174087638,4
-1.34330127548485,-1.51660965332707,4
-5.24160016490091,-3.89937185877874,4
-2.50688411302093,-2.01290196855024,4
-3.42082507559814,-1.53831325692804,4
-2.84815220245133,-3.3251499098278,4
-3.27293266698867,-2.76745032122311,4
-5.65397332221783,-2.65697409151097,4
-4.4524900820767,-3.88478435024325,4
-2.25430621799887,-3.97331629679929,4
-5.26519736714045,-2.88127986075149,4
-5.57530827338158,-1.407024443816,4
-2.17290405757529,-1.42978369203222,4
-4.85090186966292,-1.85885508102449,4
-5.39990822478076,-3.64422069812732,4
-1.79912359742739,-3.55955072427189,4
-3.03661821337901,-1.25344705555892,4
-4.59241791282498,-2.04455750048331,4
-1.78089600891943,-3.91590514714731,4
-4.9894928320391,-2.85162442568656,4
-2.81698232468531,-3.29600653979509,4
-3.99817724443982,-1.4688698844886,4
-1.15892810835219,-3.47494234935411,4
-4.81920872105473,-2.14760558296299,4
-2.13219748943163,-2.56364854065971,4
-2.43508334475946,-1.32540540097638,4
-3.36628124580888,-3.20805261316177,4
-3.9293581468668,-2.63078202444597,4
-3.36866179826051,-2.83684934771714,4
-2.42841442180855,-1.58603584371593,4
-2.55706153891568,-3.58269506186465,4
-3.29443415102626,-2.2538670738038,4
-1.20183896548765,-2.85389007656245,4
-5.37108739691223,-1.04075132725417,4
-5.65064928100507,-3.94183033784343,4
-5.11023807176872,-1.36104200789797,4
-4.55838169146612,-2.17138678360885,4
-5.76600615037235,-3.76841041909949,4
-3.02478733830844,-1.89729831625924,4
-1.53644588810582,-1.49735987007019,4
-2.16789927765941,-2.51096877264501,4
-5.41300609076782,-2.68750513431285,4
-5.79749632948763,-3.83709798387084,4
-4.93774471705072,-3.76056471923297,4
-4.06987743580322,-2.06409474172679,4
-1.98420656938232,-2.61204787263479,4
-4.4671451098388,-2.90060363061093,4
-1.24650469682431,-2.40529867060669,4
-4.35025062586457,-1.42098892405131,4
-1.22592391902103,-3.07768447248526,4
-1.60943300690791,-3.20770865742048,4
-4.62981151222339,-2.07881572514862,4
-4.86814749915085,-1.6252929010589,4
-3.01029015527686,-2.56798717869548,4
-1.17820493629096,-2.43140584516578,4
-3.69845989207159,-1.85057685192107,4
-5.09141588684971,-1.37821215249867,4
-2.3483700804848,-2.20589614123525,4
-2.85291586749887,-2.60424233778318,4
-2.223881468407,-3.9846102911606,4
-5.94694925879064,-1.36220863273436,4
-2.2694143846417,-2.49574907039589,4
-2.37002248731242,-2.2580578967081,4
-1.24719209050458,-2.93215903389717,4
-5.17927324207159,-1.65668026443989,4
-4.42798645113026,-1.98178418974266,4
-3.00530706706406,-1.69702403314865,4
-2.73969260402143,-1.74405889823072,4
-2.56828429306186,-2.99480730193241,4
-4.897279547123,-1.62959068875353,4
-1.89419759371463,-2.02068965833112,4
-2.55598565665126,-3.91694297847745,4
-2.31394135134169,-3.05848213907885,4
-5.99792086667282,-2.87872949922031,4
-2.52454415345691,-1.7494346377995,4
-1.75713032791958,-2.95678690196275,4
-5.77364869649211,-1.66954002347432,4
-1.45356219057997,-3.03813992936178,4
-3.3517283868282,-1.42856866331689,4
-3.70649761608365,-1.78881835900685,4
-4.86164724669495,-1.56385583055036,4
-1.76853897380723,-1.63088885507537,4
-5.41014614832341,-1.15917498989161,4
-5.73011475567607,-1.58713666703151,4
-1.21499403261347,-3.86488107795742,4
-2.3076223033626,-3.17389798939297,4
-4.00718485911824,-3.71592139471761,4
-1.89210953865056,-1.87340221494722,4
-5.9103237017809,-1.86755807135793,4
-1.09967130474167,-2.89639461693031,4
-1.56902615871745,-1.36050291239036,4
-1.79121814197894,-1.87379703154382,4
-2.92037386712688,-2.60423399856477,4
-4.93568633580949,-3.47732538821042,4
-1.01418436431699,-3.39538508229354,4
-1.75941109600287,-1.59198890137367,4
-1.18685909580908,-3.81853935573913,4
-3.04536962914771,-1.80934527780801,4
-3.78814551557462,-2.2525746112837,4
-5.42242912471468,-1.29559078795505,4
-5.89852433903916,-1.11439973366485,4
-5.0921703646176,-1.67342231580117,4
-3.25114836354746,-2.1507675487647,4
-3.22752043895522,-1.72848710991717,4
-5.68921508635219,-3.06486145369633,4
-3.49503693972831,-3.93927118675157,4
-3.74710604318498,-3.27883286454081,4
-5.36015653800579,-2.92378442030687,4
-3.14555467008334,-3.51276804334826,4
-3.87043290808755,-3.31850323945128,4
-1.36533729576554,-1.50577699155747,4
-4.16685511797116,-2.02220462377465,4
-1.51575497196041,-3.53890451348429,4
-2.71869094653401,-2.29349823348667,4
-4.83994907540624,-1.14839913237322,4
-5.66712104997785,-2.52123667645784,4
-3.8262802562833,-2.26187109037098,4
-4.88402925640651,-3.3957424760321,4
-2.59195756915072,-1.66528667022066,4
-4.11605029391456,-3.37937031495562,4
-3.3294253288245,-2.49913318591707,4
-4.99568559959501,-1.1436062734624,4
-4.20650505866409,-1.01357520946562,4
-3.58009665621711,-2.41029339096012,4
-3.57229879657447,-3.58760136390752,4
-4.65195569767015,-3.9286787071042,4
-4.57087265725211,-1.59250002828877,4
-1.55609996560769,-3.53143058676856,4
-2.96410653961125,-3.92826389284391,4
-1.99686787325748,-3.41376952007933,4
-2.75707878551763,-3.2875895374586,4
-3.30668375870832,-1.94133532866224,4
-1.63499458203437,-3.61103132977904,4
-4.75170390371855,-3.46498173867112,4
-2.21798394797247,-2.18313856127674,4
-4.49785518193202,-2.00455804136178,4
-4.15690922292813,-2.69455771763414,4
-5.94056420330862,-1.3939977437958,4
-2.43129347068681,-2.5482946744541,4
-4.32028886122819,-2.22732132274869,4
-5.3053123693854,-1.677085175814,4
-5.23875055720409,-3.46541515367582,4
-5.0825392562193,-1.14732448173621,4
-1.08661092483692,-2.12019604587084,4
-1.40147076635123,-1.00594840682699,4
-1.27078847298508,-1.77473718703323,4
-5.04184225934384,-1.91955175093658,4
-2.15979536224206,-1.34261004068784,4
-4.94859152558714,-1.8522973089254,4
-1.82352483587489,-2.04995527804833,4
-1.06594003256234,-2.91839560446392,4
-3.70745058122144,-3.87906799614727,4
-5.38940925963659,-3.69832399402911,4
-3.21687842744603,-1.4258025744996,4
-1.50957924749679,-3.77019880222042,4
-3.15706938142314,-3.16027718449473,4
-3.95803095659339,-1.64004475926151,4
-1.24620124797512,-3.71214589730329,4
-3.1445811624515,-2.73768493542732,4
-5.67619758687877,-1.42900477178834,4
-4.9536713301702,-2.07677411992456,4
-4.84441123685743,-1.38075934361497,4
-4.83310771674729,-3.0277990560977,4
-5.33905784341552,-1.8206591577052,4
-2.67664884754811,-3.97464579885245,4
-4.98065077299017,-2.5140202510423,4
-3.32184966483107,-1.81810884017513,4
-4.63553961162288,-3.81519942758397,4
-2.89175925770283,-2.63248380462361,4
-4.62558562538288,-3.51465760753078,4
-3.26160486180522,-2.8275967092925,4
-4.23564746485301,-3.39284965656488,4
-2.71679030172824,-1.47459926306375,4
-2.55769806932679,-1.76078638422768,4
-1.39265169201823,-1.60557820217498,4
-2.81007994608065,-1.21987275935426,4
-3.5570642931956,-2.66703364753301,4
-2.31369622789336,-3.80963189246775,4
-4.34070028612638,-3.99226641184786,4
-2.68648263629628,-1.39512045825957,4
-4.94929523957055,-3.24988696032556,4
-2.56071356567585,-1.85477685385995,4
-3.72300700804917,-2.73264176423662,4
-3.12046197525074,-2.25316397663144,4
-2.97987262242071,-1.40452634074661,4
-4.22216070215766,-1.93284835525786,4
-1.86605119578423,-1.60819072746204,4
-1.74887809854186,-1.01580700281328,4
-1.87448708043619,-3.62331618044151,4
-4.72146046206033,-2.67602296945966,4
-5.43504399253315,-2.68003204061951,4
-5.12214975229251,-1.69924833634485,4
-4.43931607094648,-1.25890837356467,4
-1.73707812519082,-1.67716834152094,4
-3.58766963901282,-2.4517002683262,4
-3.87947121783542,-3.20302277245352,4
-4.70055305987684,-3.98078399299785,4
-1.38936366631491,-1.49476974149485,4
-3.32486280207405,-3.01719719218868,4
-1.81340351481175,-2.43086109166221,4
-1.44991208876771,-2.2857412632709,4
-5.80287163276522,-1.92516804355734,4
-1.78624431445544,-3.45916906593811,4
-3.73363183515959,-1.14755607797459,4
-3.60805423021724,-2.02961994923604,4
-3.42903565170078,-2.47432322373974,4
-5.29506034526315,-2.81108874135127,4
-2.33499530351619,-1.99624553404709,4
-4.72273306164909,-1.01304131776931,4
-3.98701656589827,-1.33998804793648,4
-5.15430374425301,-3.0351609464824,4
-1.71701892951603,-2.98708159958717,4
-3.69670870138402,-2.12112567612854,4
-2.88134872992579,-1.32229062009738,4
-1.51848419415609,-1.17503746601292,4
-1.49858729103346,-2.53829248498982,4
-4.1973755775314,-2.36189565877891,4
-3.37077513892824,-2.72107545543614,4
-5.76585899041761,-1.7878091527715,4
-1.27422647866506,-1.11727108395424,4
-3.4644367780753,-2.00050170660134,4
-3.64703667210495,-1.02069813925361,4
-5.82886399166947,-2.14203111133249,4
-3.41927037498414,-3.244421341777,4
-1.21232173512057,-3.74937331326252,4
-1.30550842877499,-3.11380699463371,4
-3.15906883061245,-2.24693849122782,4
-3.76786448742755,-3.22731125573906,4
-2.14101400323637,-3.49563074403434,4
-3.13692810876547,-1.03500654229929,4
-1.29355735686066,-3.39723827264764,4
-2.33001032168548,-1.78758164953512,4
-2.39562902226982,-2.58055712826143,4
-5.53927739864167,-2.87022894135345,4
-1.01932242310185,-2.04702608429219,4
-2.90658361529114,-1.99757217884281,4
-4.59628001082936,-2.72566941705271,4
-4.34637218113864,-1.98961138230065,4
-4.154107297299,-1.16916776121007,4
-1.57512763603642,-2.48558837582382,4
-1.57522741135912,-1.8013886191355,4
-4.96140433255432,-1.78962096773661,4
-3.2707982087466,-1.08372838522804,4
-2.40321839723258,-3.11492538051736,4
-1.68792569344761,-2.64961363700023,4
-2.31891630966951,-3.44720860374561,4
-4.53693869016089,-2.61749560892477,4
-5.02380914347265,-3.79377550475406,4
-5.8150471869263,-1.83110746435229,4
-5.40572408261427,-2.21436757549231,4
-4.64587469762985,-3.71860981602151,4
-3.75606696601796,-3.36679156220495,4
-1.43459073694588,-1.76206067585966,4
-2.88138399472144,-2.75456793073894,4
-2.57356879262567,-3.9309923008536,4
-2.66675453386389,-1.0861805271157,4
-3.50032379030561,-2.53294108666729,4
-2.26000707815579,-3.07833108179486,4
-1.88960632268075,-2.03341864887743,4
-1.95639305595823,-1.48134285955269,4
-3.2979713553841,-2.31758773213743,4
-4.86328250321501,-2.05239195269482,4
-3.54592681834063,-2.44130052767893,4
-5.8254496368387,-3.24098452226021,4
-2.64468774244621,-3.58685341674396,4
-2.01904664058724,-3.84833478021773,4
-3.89767517823859,-2.31848958332383,4
-3.64309659385535,-2.4410868159167,4
-3.32403997853148,-1.66944207020838,4
-2.28106826364291,-3.6267864423695,4
-5.87371677230386,-1.20389434699062,4
-2.93249731235985,-3.88845035294242,4
-2.00651928655714,-2.07418890652322,4
-5.4310051523166,-1.31261213127296,4
-5.46479802281993,-1.28926549128585,4
-2.09191766394625,-3.41430605887846,4
-1.27463591934127,-2.67869622151283,4
-5.91959730556251,-2.53552101606193,4
-5.01143723883281,-1.38969231865839,4
-2.42488670864112,-2.16737019764979,4
-1.44277844503962,-2.3438050054096,4
-4.30382321689111,-3.29414413615184,4
-1.69548034571744,-2.93716744232368,4
-2.70757782389463,-3.49616651087714,4
-4.15892666075059,-3.71852460443651,4
-1.62285939436434,-3.54480395709182,4
-1.45273533101319,-1.51152284081488,4
-1.82923620760235,-1.01041034830194,4
-2.95540963104489,-3.85754933005135,4
-3.96955411931279,-3.24040796747,4
-2.65147056518337,-2.67488470983443,4
-1.11944194120695,-3.05433628977085,4
-4.81149095825429,-2.45141141614208,4
-2.52500475990051,-3.35821493871986,4
-3.82483351742591,-3.37407661920559,4
-2.57587189189259,-1.68791449040189,4
-3.745351824759,-1.71864190722871,4
-5.65782331999568,-3.46119674116203,4
-3.89150522323099,-1.64981323578089,4
-1.80456405307413,-2.71275966808983,4
-4.21832422770709,-1.62604162946437,4
-5.60682610339388,-3.8732736707841,4
-3.88865219600575,-2.38181431043045,4
-2.33631029381378,-2.45736303619843,4
-5.84290959318153,-3.88128310616873,4
-3.99427198101412,-1.70383109646088,4
-2.97653436052133,-3.65080181598651,4
-3.40693489411849,-2.01879845245694,4
-1.1294528201127,-2.26412442883918,4
-5.65835006484768,-3.00273128135835,4
-2.17441588351629,-2.14045948060071,4
-4.19377702968672,-3.75726189700382,4
-4.52032985621033,-2.79275372417639,4
-2.46922347251949,-1.05661803232132,4
-5.63021113421768,-1.66359141238472,4
-5.26769987395857,-1.00121431049669,4
-2.60092593090969,-2.84922581566541,4
-3.47619356750866,-1.67617112751193,4
-5.50959091169157,-3.15708031783355,4
-1.62525910384349,-2.81935893930149,4
-1.00204323216573,-2.65602200933844,4
-2.35335425595275,-2.37638804249138,4
-3.72765199559345,-2.78569519057623,4
-5.12258922412758,-3.14842901961455,4
-5.56148577519158,-2.82182554872119,4
-3.72775086593037,-1.5594839353222,4
-2.53135503606081,-1.81145780082845,4
-3.68217306548668,-3.48516187032237,4
-5.52908538993847,-1.98816815954265,4
-1.06017117383882,-3.34365092057002,4
-4.63860392901716,-1.24213655014235,4
-1.14997068483802,-1.05650797767122,4
-1.49497872629048,-1.14873904840854,4
-2.13400371656127,-1.63786920634666,4
-4.07002774267622,-3.54741079915729,4
-1.7478090842115,-2.79031283752312,4
-3.22947294315799,-3.75155724782512,4
-3.59867716402447,-1.43365110187306,4
-5.61322156265407,-1.85813641511563,4
-3.58968986032465,-1.08052128109125,4
-5.76870769710088,-1.62501193410811,4
-1.80000516527119,-3.20144378148887,4
-4.88286103998569,-2.44758335109958,4
-3.33577784260243,-2.50459108671871,4
-4.68022290362724,-2.19699166838794,4
-3.03281862924623,-2.94217211942907,4
-2.29139102861558,-3.93106676268995,4
-3.99861528358115,-3.69223652695185,4
-4.64918741850616,-2.51978699688571,4
-2.70729354456032,-3.45051585501282,4
-2.14765153019194,-2.5891371414841,4
-4.77911169829843,-1.08004577449521,4
-5.17761881220828,-2.94093504830887,4
-4.89221076762788,-2.49701795193229,4
-4.83619513160339,-3.28926459487932,4
-4.10000343411915,-3.16513469025863,4
-1.30768026112299,-3.50021773563959,4
-4.31023303430028,-2.51115761975593,4
-4.08690119989774,-1.61351932468695,4
-4.78148392381012,-1.94703642765671,4
-2.35172120790445,-1.19524053787451,4
-3.96342761890908,-1.15830410720998,4
-4.89918011428094,-3.88218950486595,4
-2.82437820052333,-3.64864969505107,4
-2.79504814783321,-3.94800465732576,4
-2.49964059305437,-2.94211916290144,4
-2.59011073721635,-3.47415136358741,4
-5.5382039575816,-2.04257489455248,4
-5.2026860661115,-2.61815595049823,4
-5.05870138457451,-2.76642869368813,4
-4.181069092781,-2.30024199814617,4
-4.40178384912049,-3.30838159698817,4
-3.84219245589122,-1.84786324752447,4
-1.72356702988881,-3.57385525750079,4
-3.10897094124742,-2.26743244372199,4
-1.12350429167301,-3.60266011115675,4
-5.91132472714145,-1.82112244663823,4
-5.99118394453797,-1.03472346563648,4
-1.04415763649863,-2.23927573037364,4
-1.27014727637775,-2.17511648810215,4
-2.06566969301366,-1.93552234010161,4
-3.91766681319585,-1.54564337756284,4
-4.60501508750165,-3.43415972875689,4
-1.25819157793276,-3.27253235564666,4
-3.42380245773776,-3.93472761038083,4
-2.68877949091817,-3.03790891953686,4
-4.29185103363644,-1.26298298776958,4
-3.87591017080593,-1.44228104721983,4
-4.98510868631479,-2.40584604653115,4
-2.77506914947508,-3.02041110763047,4
-2.07041649457528,-2.98436566713251,4
-3.69873843383608,-2.22458362406992,4
-4.42448014250978,-1.1198419346785,4
-3.39025434173941,-2.18391594482938,4
-1.79681225816794,-1.6385534321888,4
-3.19249892295563,-2.65802770123589,4
-3.33454276156102,-3.26430849793871,4
-4.67370724540746,-3.94408400481006,4
-2.8664211815452,-3.35126576911706,4
-3.55470415229607,-1.48180100055178,4
-2.13489910295068,-2.90362949036017,4
-2.41731335417745,-3.37117699234605,4
-3.47001896855373,-3.18996467256015,4
-4.49957229156908,-1.73324561718698,4
-3.30990486422811,-2.90901106746532,4
-5.86291488323066,-2.94917598868626,4
-2.48304568249359,-3.8036256421411,4
-5.60109848926313,-2.11365669404249,4
-3.81131374523068,-2.67684947020141,4
-2.16256757031647,-3.39936493849954,4
-4.86588010996523,-1.50956544762562,4
-2.63472652714942,-1.42673474763009,4
-4.15003975168359,-1.44947239137784,4
-1.29705371892894,-1.4886122095189,4
-4.54505291304482,-2.8844652405751,4
-5.43393304409539,-2.29637350916769,4
-4.75265594005562,-1.77639259352157,4
-2.99750558537013,-2.75645830001093,4
