Dataset,alpha,split,weights,accuracy_mean_mean,accuracy_mean_median,accuracy_mean_std,Table
WineQualityRed_5vs6,4,2,CLD,0.809795220180917,0.811230626879482,0.0064693212968597,0.81 (0.006)
WineQualityRed_5vs6,6,8,DCP,0.803321889039045,0.804389312977099,0.0049363569122201,0.803 (0.005)
WineQualityRed_5vs6,2,4,F1,0.801064380242765,0.800636132315522,0.0036499306107926,0.801 (0.004)
WineQualityRed_5vs6,4,4,Hostility,0.806175657742552,0.806702521397178,0.003965483825045,0.806 (0.004)
WineQualityRed_5vs6,6,4,LSC,0.804592327452914,0.805152671755725,0.0051370083686993,0.805 (0.005)
WineQualityRed_5vs6,2,2,N1,0.802446217904233,0.802885727504048,0.0035141369645038,0.802 (0.004)
WineQualityRed_5vs6,8,1,N2,0.803556253576342,0.804389312977099,0.0033354233510727,0.804 (0.003)
WineQualityRed_5vs6,2,8,TD_U,0.801102730803414,0.802145500809623,0.0041268486481997,0.801 (0.004)
WineQualityRed_5vs6,10,2,kDN,0.804927438304297,0.805175803839926,0.0040300619652683,0.805 (0.004)
Yeast_CYTvsNUC,4,8,CLD,0.693708522241934,0.696192259675406,0.0082277227008406,0.694 (0.008)
Yeast_CYTvsNUC,8,8,DCP,0.692081608515671,0.691685393258427,0.0060411024008616,0.692 (0.006)
Yeast_CYTvsNUC,2,2,F1,0.690293711807609,0.693895131086142,0.0082824623454452,0.69 (0.008)
Yeast_CYTvsNUC,6,8,Hostility,0.693385899204941,0.695031210986267,0.0069970852655623,0.693 (0.007)
Yeast_CYTvsNUC,10,2,LSC,0.691683422038242,0.693857677902622,0.0080477256388171,0.692 (0.008)
Yeast_CYTvsNUC,10,8,N1,0.686803995006242,0.687153558052435,0.0058378988972016,0.687 (0.006)
Yeast_CYTvsNUC,8,6,N2,0.698825152769564,0.701785268414482,0.0094175612465742,0.699 (0.009)
Yeast_CYTvsNUC,6,6,TD_U,0.692539588672055,0.693870162297129,0.0072563720395755,0.693 (0.007)
Yeast_CYTvsNUC,2,1,kDN,0.69264340626848,0.693895131086142,0.0067960706813596,0.693 (0.007)
analcatdata_authorship,10,1,CLD,0.97530664897538,0.97624649859944,0.0018001597102561,0.975 (0.002)
analcatdata_authorship,6,8,DCP,0.973174111749963,0.973865546218487,0.0026700187223071,0.973 (0.003)
analcatdata_authorship,4,8,F1,0.976544301931299,0.976232492997199,0.0012475546230614,0.977 (0.001)
analcatdata_authorship,10,4,Hostility,0.973349550346454,0.973837535014006,0.0013318441871255,0.973 (0.001)
analcatdata_authorship,2,1,LSC,0.972424443461595,0.972675070028011,0.0027941396625496,0.972 (0.003)
analcatdata_authorship,4,1,N1,0.973538257408226,0.973851540616246,0.0020938737615169,0.974 (0.002)
analcatdata_authorship,8,2,N2,0.972787114845938,0.973851540616246,0.0025049241374193,0.973 (0.003)
analcatdata_authorship,2,6,TD_U,0.973412944125018,0.97266106442577,0.0021438641126436,0.973 (0.002)
analcatdata_authorship,8,4,kDN,0.97297877045555,0.97266106442577,0.001672006999701,0.973 (0.002)
arrhythmia_cfs,2,6,CLD,0.849110094075769,0.851932367149758,0.0085937899145385,0.849 (0.009)
arrhythmia_cfs,2,2,DCP,0.850434782608696,0.851787439613526,0.0056744495011336,0.85 (0.006)
arrhythmia_cfs,8,6,F1,0.851810322908721,0.851835748792271,0.0071988667689459,0.852 (0.007)
arrhythmia_cfs,8,4,Hostility,0.859209255021612,0.862946859903382,0.012002767480963,0.859 (0.012)
arrhythmia_cfs,2,2,LSC,0.857467581998474,0.856183574879227,0.0044541282803611,0.857 (0.004)
arrhythmia_cfs,4,6,N1,0.858627002288329,0.858357487922705,0.0051096537080762,0.859 (0.005)
arrhythmia_cfs,4,6,N2,0.861716247139588,0.862850241545894,0.006545499914295,0.862 (0.007)
arrhythmia_cfs,6,4,TD_U,0.849949148232901,0.851884057971014,0.006776068619517,0.85 (0.007)
arrhythmia_cfs,6,4,kDN,0.852062039155861,0.856231884057971,0.0109824053127967,0.852 (0.011)
bands,2,4,CLD,0.745159633317528,0.74527027027027,0.0068218956489665,0.745 (0.007)
bands,4,4,DCP,0.748399715504979,0.753228228228228,0.0102283817322519,0.748 (0.01)
bands,2,8,F1,0.743298561719614,0.747747747747748,0.0097509598846428,0.743 (0.01)
bands,8,4,Hostility,0.754464991307097,0.753378378378378,0.0075321321389937,0.754 (0.008)
bands,4,2,LSC,0.745610083767979,0.75045045045045,0.0140702826196312,0.746 (0.014)
bands,6,1,N1,0.743010115378536,0.74527027027027,0.0085845646375228,0.743 (0.009)
bands,2,2,N2,0.734194721036826,0.737012012012012,0.0122662290682136,0.734 (0.012)
bands,6,4,TD_U,0.747862336020231,0.747747747747748,0.0080718554129718,0.748 (0.008)
bands,8,2,kDN,0.745475738896791,0.74512012012012,0.0083412519868855,0.745 (0.008)
banknote_authentication,8,4,CLD,0.993354379283658,0.993430656934307,0.0005371880522173,0.993 (0.001)
banknote_authentication,8,1,DCP,0.99370486673682,0.994165873267746,0.0006533436301101,0.994 (0.001)
banknote_authentication,8,1,F1,0.993474641856943,0.993435946260446,0.0007871368246893,0.993 (0.001)
banknote_authentication,4,8,Hostility,0.990825524617637,0.990521527557389,0.001095704146524,0.991 (0.001)
banknote_authentication,6,2,LSC,0.992204090041034,0.991976092245848,0.0005967462631704,0.992 (0.001)
banknote_authentication,6,6,N1,0.989714766128269,0.98979160055009,0.000334913480103,0.99 (0.0)
banknote_authentication,2,2,N2,0.991364200727143,0.991251454564688,0.0006532455846982,0.991 (0.001)
banknote_authentication,4,2,TD_U,0.993815385814584,0.994160583941606,0.0003738449172465,0.994 (0.0)
banknote_authentication,4,1,kDN,0.990175772659195,0.98979160055009,0.0007834557832215,0.99 (0.001)
bodyfat,6,2,CLD,0.996,0.996,0,0.996 (0.0)
bodyfat,6,2,DCP,0.996,0.996,0,0.996 (0.0)
bodyfat,6,2,F1,0.996,0.996,0,0.996 (0.0)
bodyfat,6,2,Hostility,0.996,0.996,0,0.996 (0.0)
bodyfat,6,2,LSC,0.996,0.996,0,0.996 (0.0)
bodyfat,6,2,N1,0.996,0.996,0,0.996 (0.0)
bodyfat,6,2,N2,0.996,0.996,0,0.996 (0.0)
bodyfat,6,2,TD_U,0.996,0.996,0,0.996 (0.0)
bodyfat,6,2,kDN,0.996,0.996,0,0.996 (0.0)
breast-w,10,2,CLD,0.962900730086085,0.962815734989648,0.0020527763796449,0.963 (0.002)
breast-w,6,8,DCP,0.964147324833824,0.964223602484472,0.001388502878457,0.964 (0.001)
breast-w,6,2,F1,0.963514220333442,0.964265010351967,0.0018055186446082,0.964 (0.002)
breast-w,6,8,Hostility,0.962115070284407,0.9627950310559,0.001609252947668,0.962 (0.002)
breast-w,8,8,LSC,0.965918056009589,0.96712215320911,0.0019811483406804,0.966 (0.002)
breast-w,4,4,N1,0.95935817805383,0.958530020703934,0.0037901584182895,0.959 (0.004)
breast-w,4,1,N2,0.965972540045767,0.965672877846791,0.0013124720682188,0.966 (0.001)
breast-w,4,1,TD_U,0.9606941266209,0.959937888198758,0.0019307566050535,0.961 (0.002)
breast-w,10,8,kDN,0.961604010025063,0.961387163561077,0.00204252428235,0.962 (0.002)
breastcancer,4,6,CLD,1,1,0,1.0 (0.0)
breastcancer,4,6,DCP,1,1,0,1.0 (0.0)
breastcancer,4,6,F1,1,1,0,1.0 (0.0)
breastcancer,4,6,Hostility,1,1,0,1.0 (0.0)
breastcancer,4,6,LSC,1,1,0,1.0 (0.0)
breastcancer,4,6,N1,1,1,0,1.0 (0.0)
breastcancer,4,6,N2,1,1,0,1.0 (0.0)
breastcancer,4,6,TD_U,1,1,0,1.0 (0.0)
breastcancer,4,6,kDN,1,1,0,1.0 (0.0)
bupa,10,8,CLD,0.751866430782839,0.754117647058824,0.0104045913418377,0.752 (0.01)
bupa,6,2,DCP,0.728151260504202,0.727899159663866,0.0066207253522488,0.728 (0.007)
bupa,4,6,F1,0.732733303847855,0.736638655462185,0.0065908148938247,0.733 (0.007)
bupa,8,8,Hostility,0.739951348960637,0.739411764705882,0.0084768178719909,0.74 (0.008)
bupa,8,4,LSC,0.748916408668731,0.748319327731092,0.0064312953674914,0.749 (0.006)
bupa,2,2,N1,0.737372843874392,0.739495798319328,0.0051669733916609,0.737 (0.005)
bupa,4,1,N2,0.739570986289253,0.739831932773109,0.0090127283269005,0.74 (0.009)
bupa,2,6,TD_U,0.729628482972136,0.727983193277311,0.0083063643726307,0.73 (0.008)
bupa,2,4,kDN,0.751972578505086,0.75109243697479,0.0088551905578397,0.752 (0.009)
chatfield_4,10,8,CLD,0.899418382913806,0.902173913043478,0.0070426212186848,0.899 (0.007)
chatfield_4,8,2,DCP,0.906302440884821,0.906159420289855,0.0043677327710491,0.906 (0.004)
chatfield_4,2,4,F1,0.904118993135011,0.906340579710145,0.0038533204915257,0.904 (0.004)
chatfield_4,8,1,Hostility,0.909515636918383,0.910688405797101,0.00508623634237,0.91 (0.005)
chatfield_4,2,8,LSC,0.902021357742182,0.901992753623188,0.0039824241285754,0.902 (0.004)
chatfield_4,10,4,N1,0.906502669717773,0.906340579710145,0.0033085476764594,0.907 (0.003)
chatfield_4,2,8,N2,0.903565980167811,0.906521739130435,0.0045132789772535,0.904 (0.005)
chatfield_4,10,6,TD_U,0.907246376811594,0.906340579710145,0.0048278976065958,0.907 (0.005)
chatfield_4,10,2,kDN,0.910621662852784,0.910869565217391,0.0060005472354567,0.911 (0.006)
cleveland,6,4,CLD,0.584267119411432,0.587311827956989,0.0077695191467333,0.584 (0.008)
cleveland,4,6,DCP,0.567492925863045,0.56741935483871,0.0065687350377269,0.567 (0.007)
cleveland,10,4,F1,0.581861912846633,0.580430107526882,0.0089245910247648,0.582 (0.009)
cleveland,6,1,Hostility,0.585529145444256,0.583870967741935,0.0070289576606522,0.586 (0.007)
cleveland,8,1,LSC,0.591850594227504,0.590860215053763,0.0039781037212089,0.592 (0.004)
cleveland,8,1,N1,0.581607243916242,0.580645161290323,0.0075942939301181,0.582 (0.008)
cleveland,8,2,N2,0.594883984153933,0.593870967741935,0.0069200986854829,0.595 (0.007)
cleveland,4,8,TD_U,0.579620826259196,0.580645161290323,0.0061301187933192,0.58 (0.006)
cleveland,6,2,kDN,0.587736276174307,0.587204301075269,0.0079026750419043,0.588 (0.008)
contraceptive_LS,2,6,CLD,0.62765885301489,0.629019607843137,0.0035349382402465,0.628 (0.004)
contraceptive_LS,10,1,DCP,0.63327509951349,0.632647058823529,0.0060997506697697,0.633 (0.006)
contraceptive_LS,4,1,F1,0.624719150818222,0.624327731092437,0.0057265797856686,0.625 (0.006)
contraceptive_LS,2,1,Hostility,0.630451864956509,0.631526610644258,0.0054839555967395,0.63 (0.005)
contraceptive_LS,6,1,LSC,0.632126640129736,0.632605042016807,0.0046831918894135,0.632 (0.005)
contraceptive_LS,6,4,N1,0.635841073271414,0.637408963585434,0.0058464670822841,0.636 (0.006)
contraceptive_LS,6,1,N2,0.630522630104673,0.630224089635854,0.0052165182298371,0.631 (0.005)
contraceptive_LS,8,8,TD_U,0.625223352498894,0.624313725490196,0.0042710082788063,0.625 (0.004)
contraceptive_LS,4,1,kDN,0.628642193719593,0.630280112044818,0.0074140105810979,0.629 (0.007)
contraceptive_NL,8,2,CLD,0.744666757098933,0.746348797250859,0.0053476125318523,0.745 (0.005)
contraceptive_NL,4,2,DCP,0.748109965635739,0.748453608247423,0.0031696435629484,0.748 (0.003)
contraceptive_NL,4,1,F1,0.737136010128414,0.739057130584192,0.0037832485237605,0.737 (0.004)
contraceptive_NL,2,1,Hostility,0.746251582564659,0.746359536082474,0.0062501275952931,0.746 (0.006)
contraceptive_NL,2,2,LSC,0.73962289744981,0.739100085910653,0.0030067664264655,0.74 (0.003)
contraceptive_NL,6,8,N1,0.738024507144149,0.739143041237113,0.0051238999174567,0.738 (0.005)
contraceptive_NL,10,1,N2,0.743004499005245,0.743223797250859,0.0032136975406623,0.743 (0.003)
contraceptive_NL,8,8,TD_U,0.738265283052993,0.738047680412371,0.0043525338760513,0.738 (0.004)
contraceptive_NL,4,6,kDN,0.741225244167119,0.740173969072165,0.0033058452274451,0.741 (0.003)
contraceptive_NS,8,6,CLD,0.661126500461681,0.662280701754386,0.0047693332968045,0.661 (0.005)
contraceptive_NS,4,1,DCP,0.66398891966759,0.663157894736842,0.0039497900760018,0.664 (0.004)
contraceptive_NS,4,1,F1,0.664727608494921,0.66578947368421,0.0042025890441432,0.665 (0.004)
contraceptive_NS,8,1,Hostility,0.667590027700831,0.66578947368421,0.0059957470721269,0.668 (0.006)
contraceptive_NS,6,8,LSC,0.65544783010157,0.656140350877193,0.0057191887252607,0.655 (0.006)
contraceptive_NS,2,1,N1,0.657710064635272,0.657017543859649,0.003885468171583,0.658 (0.004)
contraceptive_NS,4,8,N2,0.655909510618652,0.657017543859649,0.0032407648467766,0.656 (0.003)
contraceptive_NS,4,8,TD_U,0.657202216066482,0.657894736842105,0.0035158183068401,0.657 (0.004)
contraceptive_NS,2,1,kDN,0.66061865189289,0.66140350877193,0.0032282441373227,0.661 (0.003)
credit-g,2,2,CLD,0.772842105263158,0.773,0.0066270754224598,0.773 (0.007)
credit-g,6,8,DCP,0.774631578947368,0.775,0.0060111981271603,0.775 (0.006)
credit-g,2,8,F1,0.764947368421053,0.767,0.0054106241600365,0.765 (0.005)
credit-g,4,6,Hostility,0.770421052631579,0.771,0.0050587195291747,0.77 (0.005)
credit-g,2,2,LSC,0.760315789473684,0.761,0.0049447236927517,0.76 (0.005)
credit-g,4,8,N1,0.769684210526316,0.77,0.0036370414041414,0.77 (0.004)
credit-g,10,2,N2,0.767842105263158,0.767,0.0071279041480549,0.768 (0.007)
credit-g,6,1,TD_U,0.771894736842105,0.772,0.0029607569760695,0.772 (0.003)
credit-g,6,2,kDN,0.771578947368421,0.773,0.0039765393870897,0.772 (0.004)
diabetes,4,6,CLD,0.775665539446703,0.77852016404648,0.0071129184234307,0.776 (0.007)
diabetes,4,4,DCP,0.761525524337159,0.762952836637047,0.0034667867929188,0.762 (0.003)
diabetes,2,4,F1,0.76601431809188,0.766831852358168,0.0063516574093043,0.766 (0.006)
diabetes,6,8,Hostility,0.764599597078822,0.764251537935748,0.0045658134412604,0.765 (0.005)
diabetes,4,8,LSC,0.768724142893118,0.769463431305537,0.0039361982140404,0.769 (0.004)
diabetes,2,2,N1,0.767984854480699,0.769395078605605,0.0038929521698538,0.768 (0.004)
diabetes,2,6,N2,0.769324027772781,0.769463431305536,0.0043878222594281,0.769 (0.004)
diabetes,10,8,TD_U,0.76660970608339,0.766866028708134,0.0050460293774509,0.767 (0.005)
diabetes,4,4,kDN,0.767772601359859,0.768181818181818,0.0047649101661153,0.768 (0.005)
diabetic_retinopathy,10,1,CLD,0.69591533180778,0.696799100449775,0.0088871240355493,0.696 (0.009)
diabetic_retinopathy,6,6,DCP,0.684320997396039,0.684580209895053,0.0044063873660859,0.684 (0.004)
diabetic_retinopathy,6,8,F1,0.682394460664405,0.681979010494753,0.0071956110554294,0.682 (0.007)
diabetic_retinopathy,4,1,Hostility,0.705549593624241,0.706334332833583,0.0050955952789078,0.706 (0.005)
diabetic_retinopathy,6,4,LSC,0.692454036139825,0.695862068965517,0.0075996484931808,0.692 (0.008)
diabetic_retinopathy,2,8,N1,0.692197585417817,0.694160419790105,0.007287254492652,0.692 (0.007)
diabetic_retinopathy,4,8,N2,0.689807464688708,0.690674662668666,0.0056887744799144,0.69 (0.006)
diabetic_retinopathy,4,6,TD_U,0.683062021620769,0.683740629685157,0.0065989176727514,0.683 (0.007)
diabetic_retinopathy,6,1,kDN,0.695531050264342,0.695899550224887,0.0047184505987389,0.696 (0.005)
fri_c0_250_50,6,8,CLD,0.783789473684211,0.784,0.0127522501167807,0.784 (0.013)
fri_c0_250_50,2,6,DCP,0.765894736842105,0.764,0.0118785274846959,0.766 (0.012)
fri_c0_250_50,2,1,F1,0.770315789473684,0.772,0.0132205758471782,0.77 (0.013)
fri_c0_250_50,8,4,Hostility,0.793263157894737,0.796,0.0108363693451632,0.793 (0.011)
fri_c0_250_50,4,2,LSC,0.789052631578947,0.792,0.0087271841214711,0.789 (0.009)
fri_c0_250_50,10,1,N1,0.783368421052632,0.784,0.009166427429095,0.783 (0.009)
fri_c0_250_50,10,1,N2,0.803578947368421,0.812,0.0242906378615156,0.804 (0.024)
fri_c0_250_50,2,6,TD_U,0.798736842105263,0.804,0.0141139887474297,0.799 (0.014)
fri_c0_250_50,10,2,kDN,0.782105263157895,0.78,0.0053943873799235,0.782 (0.005)
glass0,2,2,CLD,0.879858737753474,0.878571428571429,0.0065579111999203,0.88 (0.007)
glass0,8,8,DCP,0.878719526087947,0.883116883116883,0.0085837522218819,0.879 (0.009)
glass0,4,2,F1,0.890533151059467,0.892424242424242,0.0091976039542294,0.891 (0.009)
glass0,2,2,Hostility,0.882581453634085,0.883333333333333,0.0056963697036484,0.883 (0.006)
glass0,4,8,LSC,0.88049669628617,0.883549783549783,0.0050684564174619,0.88 (0.005)
glass0,4,4,N1,0.877739804055593,0.878571428571429,0.0054925415450548,0.878 (0.005)
glass0,4,2,N2,0.87924356345409,0.878571428571429,0.0038306828654281,0.879 (0.004)
glass0,8,8,TD_U,0.889029391660971,0.887662337662337,0.0091397519281257,0.889 (0.009)
glass0,6,6,kDN,0.879197994987469,0.878787878787879,0.0050746150642828,0.879 (0.005)
glass1,10,6,CLD,0.830884028252449,0.831385281385281,0.0086712418805455,0.831 (0.009)
glass1,4,8,DCP,0.825131009341536,0.826623376623377,0.0072810450902956,0.825 (0.007)
glass1,10,1,F1,0.815516062884484,0.817965367965368,0.0052842491346152,0.816 (0.005)
glass1,10,4,Hostility,0.828081567555252,0.831385281385281,0.0110485867796302,0.828 (0.011)
glass1,10,6,LSC,0.830565048986102,0.831818181818182,0.0059939207959468,0.831 (0.006)
glass1,8,6,N1,0.810765550239234,0.808225108225108,0.0099827758920619,0.811 (0.01)
glass1,4,1,N2,0.819924812030075,0.822077922077922,0.0061074401867966,0.82 (0.006)
glass1,10,4,TD_U,0.819491911597175,0.822077922077922,0.0103518316883736,0.819 (0.01)
glass1,8,2,kDN,0.825404420141262,0.827056277056277,0.0034746163304646,0.825 (0.003)
hill_valley_without_noise_traintest,6,4,CLD,0.640245937292764,0.642622950819672,0.0070533019030425,0.64 (0.007)
hill_valley_without_noise_traintest,4,8,DCP,0.641860324160897,0.644289391681344,0.0072212399619465,0.642 (0.007)
hill_valley_without_noise_traintest,10,1,F1,0.63780653028045,0.640150386126541,0.0066711986792841,0.638 (0.007)
hill_valley_without_noise_traintest,8,6,Hostility,0.643637647159492,0.645102289662647,0.0049353846918554,0.644 (0.005)
hill_valley_without_noise_traintest,2,8,LSC,0.637269946305949,0.637718466332475,0.00411469280428,0.637 (0.004)
hill_valley_without_noise_traintest,8,2,N1,0.641540156447208,0.643429074651131,0.0053868512367311,0.642 (0.005)
hill_valley_without_noise_traintest,4,6,N2,0.641551922075885,0.641857471887278,0.0029815853582258,0.642 (0.003)
hill_valley_without_noise_traintest,10,8,TD_U,0.641046356576986,0.642650047419049,0.00594755004216,0.641 (0.006)
hill_valley_without_noise_traintest,2,2,kDN,0.640203509722688,0.639344262295082,0.0035772423689227,0.64 (0.004)
ilpd,8,1,CLD,0.729815009392811,0.732335148215366,0.0066824963168915,0.73 (0.007)
ilpd,10,1,DCP,0.729128856624319,0.728826376285541,0.004013741741661,0.729 (0.004)
ilpd,10,2,F1,0.729198904702773,0.728826376285541,0.0055978847572099,0.729 (0.006)
ilpd,10,4,Hostility,0.724744483713822,0.725378100423472,0.0064679453639874,0.725 (0.006)
ilpd,8,4,LSC,0.728312159709619,0.728765880217786,0.0036776766537854,0.728 (0.004)
ilpd,6,6,N1,0.720298022733785,0.720205686630369,0.0074078147467342,0.72 (0.007)
ilpd,2,4,N2,0.722557073263922,0.725317604355717,0.0089246557385899,0.723 (0.009)
ilpd,4,1,TD_U,0.72449772343745,0.725287356321839,0.0057804520767257,0.724 (0.006)
ilpd,2,8,kDN,0.723318050116216,0.723563218390805,0.0060510929035742,0.723 (0.006)
ionosphere,6,8,CLD,0.926445279866332,0.928650793650794,0.0044257115723517,0.926 (0.004)
ionosphere,8,8,DCP,0.924928989139515,0.925793650793651,0.0036605473893445,0.925 (0.004)
ionosphere,4,1,F1,0.926332497911445,0.925873015873016,0.0023713178005726,0.926 (0.002)
ionosphere,4,1,Hostility,0.925735171261487,0.925952380952381,0.0056527676551082,0.926 (0.006)
ionosphere,2,1,LSC,0.929085213032581,0.928650793650794,0.002535734423064,0.929 (0.003)
ionosphere,6,8,N1,0.92796574770259,0.928730158730159,0.0039029198819734,0.928 (0.004)
ionosphere,6,1,N2,0.931979949874687,0.931587301587302,0.004937919355964,0.932 (0.005)
ionosphere,6,1,TD_U,0.931370091896408,0.931507936507936,0.003596117106927,0.931 (0.004)
ionosphere,8,2,kDN,0.926315789473684,0.925873015873016,0.0019430160303271,0.926 (0.002)
liver-disorders,6,2,CLD,0.755764411027569,0.75952380952381,0.0124650124981703,0.756 (0.012)
liver-disorders,6,8,DCP,0.771102756892231,0.767142857142857,0.0121291577786641,0.771 (0.012)
liver-disorders,8,1,F1,0.762380952380952,0.76047619047619,0.0071021769273641,0.762 (0.007)
liver-disorders,10,8,Hostility,0.768020050125313,0.773809523809524,0.0095677072419068,0.768 (0.01)
liver-disorders,10,1,LSC,0.778220551378446,0.780952380952381,0.0054959205312526,0.778 (0.005)
liver-disorders,6,1,N1,0.764185463659148,0.76047619047619,0.0069815632873453,0.764 (0.007)
liver-disorders,6,1,N2,0.766516290726817,0.767142857142857,0.0084411806432528,0.767 (0.008)
liver-disorders,8,4,TD_U,0.761804511278196,0.76,0.0120974656818116,0.762 (0.012)
liver-disorders,8,6,kDN,0.755563909774436,0.76047619047619,0.0119005840622381,0.756 (0.012)
mammographic,6,1,CLD,0.803804692454027,0.804819277108434,0.0039810351432003,0.804 (0.004)
mammographic,2,1,DCP,0.808814204185162,0.807228915662651,0.0048033980632607,0.809 (0.005)
mammographic,10,1,F1,0.800443880786303,0.8,0.0025147915291699,0.8 (0.003)
mammographic,6,1,Hostility,0.803170577045022,0.804819277108434,0.004511785475464,0.803 (0.005)
mammographic,8,1,LSC,0.809384908053266,0.809638554216867,0.0018655881770125,0.809 (0.002)
mammographic,10,1,N1,0.807038681039949,0.807228915662651,0.0030654741826941,0.807 (0.003)
mammographic,10,1,N2,0.808306911857958,0.808433734939759,0.002720709010307,0.808 (0.003)
mammographic,10,2,TD_U,0.797970830691186,0.797590361445783,0.0028695230626159,0.798 (0.003)
mammographic,8,1,kDN,0.804819277108434,0.804819277108434,0.0032872902698282,0.805 (0.003)
musk1,4,4,CLD,0.886534154535274,0.88656914893617,0.0035877667651403,0.887 (0.004)
musk1,10,6,DCP,0.891617674505412,0.89281914893617,0.0055093255070105,0.892 (0.006)
musk1,4,8,F1,0.890098917506532,0.890647163120567,0.0066424023998644,0.89 (0.007)
musk1,10,8,Hostility,0.889002426278462,0.888696808510638,0.0060095422955034,0.889 (0.006)
musk1,6,2,LSC,0.889755972377753,0.892730496453901,0.0077088431735575,0.89 (0.008)
musk1,6,8,N1,0.883121033967898,0.882313829787234,0.0066492575924963,0.883 (0.007)
musk1,8,4,N2,0.889436356849571,0.890780141843972,0.0073375224073821,0.889 (0.007)
musk1,8,8,TD_U,0.887180384471818,0.890691489361702,0.0069172386418442,0.887 (0.007)
musk1,2,1,kDN,0.883578294139604,0.8864804964539,0.0072910546427626,0.884 (0.007)
parkinsons,10,8,CLD,0.904570637119114,0.903157894736842,0.0037125171200335,0.905 (0.004)
parkinsons,6,8,DCP,0.908047091412742,0.908684210526316,0.0047960206758765,0.908 (0.005)
parkinsons,4,4,F1,0.907590027700831,0.908421052631579,0.0035385394731104,0.908 (0.004)
parkinsons,2,6,Hostility,0.904709141274238,0.903421052631579,0.0055088101580149,0.905 (0.006)
parkinsons,2,6,LSC,0.905927977839335,0.908684210526316,0.0052061003863825,0.906 (0.005)
parkinsons,6,2,N1,0.909279778393352,0.908421052631579,0.0062986134044882,0.909 (0.006)
parkinsons,10,6,N2,0.905083102493075,0.903421052631579,0.0054527635454879,0.905 (0.005)
parkinsons,10,8,TD_U,0.904556786703601,0.903684210526316,0.0059462120645096,0.905 (0.006)
parkinsons,6,2,kDN,0.905720221606648,0.903421052631579,0.0026342707070597,0.906 (0.003)
phoneme,10,4,CLD,0.912846580406654,0.913771137126036,0.0031050892040146,0.913 (0.003)
phoneme,8,8,DCP,0.910071739216598,0.910626754295886,0.0018698707053305,0.91 (0.002)
phoneme,8,4,F1,0.912612103785856,0.91303176559184,0.0014848709748406,0.913 (0.001)
phoneme,10,4,Hostility,0.91088784036493,0.9113644143219,0.0016784692885468,0.911 (0.002)
phoneme,10,2,LSC,0.910957723946341,0.911736838502088,0.001731392832186,0.911 (0.002)
phoneme,4,8,N1,0.91071231168906,0.910995070856439,0.0019694871095714,0.911 (0.002)
phoneme,6,4,N2,0.909709494006118,0.910440884507428,0.0023597611577638,0.91 (0.002)
phoneme,4,4,TD_U,0.911473878781983,0.912106866570822,0.0018500343765852,0.911 (0.002)
phoneme,2,8,kDN,0.910391521008313,0.911549599507086,0.002733576607213,0.91 (0.003)
pima,4,8,CLD,0.765789473684211,0.765567327409433,0.0045235561991894,0.766 (0.005)
pima,10,4,DCP,0.773055545562471,0.773444976076555,0.0051345584724919,0.773 (0.005)
pima,2,8,F1,0.767847249703205,0.768233082706767,0.0035066274658139,0.768 (0.004)
pima,6,4,Hostility,0.765194985070331,0.763004101161996,0.0056311452118646,0.765 (0.006)
pima,4,2,LSC,0.76445209914739,0.76431989063568,0.0031009523701495,0.764 (0.003)
pima,2,8,N1,0.764679641687952,0.764354066985646,0.003159348796072,0.765 (0.003)
pima,8,4,N2,0.763183077310501,0.763055365686945,0.0048850379482719,0.763 (0.005)
pima,6,6,TD_U,0.769077598301975,0.769531784005468,0.0028209369636386,0.769 (0.003)
pima,4,2,kDN,0.765610497535705,0.765635680109364,0.0026412664133605,0.766 (0.003)
profb,2,6,CLD,0.681163070098424,0.680092186128183,0.0067574791111342,0.681 (0.007)
profb,2,4,DCP,0.67916685920244,0.680048287971905,0.0068183533960441,0.679 (0.007)
profb,6,6,F1,0.67775403169909,0.683011413520632,0.0125267768130628,0.678 (0.013)
profb,10,2,Hostility,0.68161129337831,0.680070237050044,0.007261919125125,0.682 (0.007)
profb,2,6,LSC,0.679915438288434,0.682923617208077,0.0103819873644657,0.68 (0.01)
profb,2,1,N1,0.679363245691049,0.678380158033363,0.0053300397606754,0.679 (0.005)
profb,6,8,N2,0.67161753153736,0.672541703248464,0.004800451199347,0.672 (0.005)
profb,4,6,TD_U,0.674332285938727,0.674100087796313,0.0043955632295024,0.674 (0.004)
profb,2,2,kDN,0.67556721038769,0.676953467954346,0.0088086270748316,0.676 (0.009)
ring,8,1,CLD,0.949089615931721,0.95,0.0031588886399269,0.949 (0.003)
ring,6,8,DCP,0.947802275960171,0.948513513513513,0.0024021480227265,0.948 (0.002)
ring,6,1,F1,0.948805120910384,0.94972972972973,0.0027448896514641,0.949 (0.003)
ring,4,1,Hostility,0.947019914651494,0.947162162162162,0.0013198072780286,0.947 (0.001)
ring,8,1,LSC,0.954039829302987,0.955,0.0022350218101321,0.954 (0.002)
ring,6,1,N1,0.947190611664296,0.948243243243243,0.002149729149898,0.947 (0.002)
ring,8,1,N2,0.950981507823613,0.951621621621622,0.0021691151835381,0.951 (0.002)
ring,6,1,TD_U,0.950327169274538,0.950810810810811,0.0015297524042728,0.95 (0.002)
ring,4,1,kDN,0.952951635846372,0.953648648648649,0.0019207701375285,0.953 (0.002)
saheart,6,8,CLD,0.696901017576318,0.69481961147086,0.0102957585392015,0.697 (0.01)
saheart,6,2,DCP,0.711709430838892,0.712072155411656,0.004264840263613,0.712 (0.004)
saheart,8,2,F1,0.690778518915234,0.690425531914894,0.0101259445711268,0.691 (0.01)
saheart,6,2,Hostility,0.710601781975753,0.710083256244218,0.0122372610152042,0.711 (0.012)
saheart,10,6,LSC,0.694853692974341,0.692645698427382,0.0085769509020381,0.695 (0.009)
saheart,2,2,N1,0.702463605823068,0.703469010175763,0.0030255034107398,0.702 (0.003)
saheart,8,1,N2,0.696771994741711,0.69486586493987,0.0040255454294809,0.697 (0.004)
saheart,4,2,TD_U,0.698003797653245,0.697039777983349,0.0037106143251241,0.698 (0.004)
saheart,6,2,kDN,0.707054871220605,0.70781683626272,0.0075292724886894,0.707 (0.008)
segment,6,2,CLD,0.977625882889041,0.977489177489177,0.0006620944700448,0.978 (0.001)
segment,10,8,DCP,0.977876509455457,0.977922077922078,0.0011713646926284,0.978 (0.001)
segment,10,4,F1,0.979539758487127,0.97965367965368,0.0002828468815908,0.98 (0.0)
segment,6,4,Hostility,0.975985418090681,0.975757575757576,0.00065124656769,0.976 (0.001)
segment,4,2,LSC,0.976646160856687,0.976623376623377,0.0007563541887764,0.977 (0.001)
segment,10,8,N1,0.974504442925495,0.974458874458874,0.0007342982890724,0.975 (0.001)
segment,2,6,N2,0.975985418090681,0.975757575757576,0.0008821026753693,0.976 (0.001)
segment,2,2,TD_U,0.977010708589656,0.977056277056277,0.0007483425077996,0.977 (0.001)
segment,10,8,kDN,0.97593984962406,0.976190476190476,0.0011299336116146,0.976 (0.001)
sonar,2,4,CLD,0.800989974937343,0.802619047619048,0.0108826464005825,0.801 (0.011)
sonar,2,4,DCP,0.790263157894737,0.788333333333333,0.0109942536173646,0.79 (0.011)
sonar,10,2,F1,0.811654135338346,0.808095238095238,0.0079959967639592,0.812 (0.008)
sonar,10,6,Hostility,0.822932330827068,0.826666666666667,0.0116593899754884,0.823 (0.012)
sonar,10,6,LSC,0.799461152882206,0.797857142857143,0.0107118874756458,0.799 (0.011)
sonar,6,6,N1,0.805075187969925,0.808095238095238,0.0081838646224505,0.805 (0.008)
sonar,6,8,N2,0.822142857142857,0.822380952380952,0.0147962137571403,0.822 (0.015)
sonar,8,8,TD_U,0.814285714285714,0.812619047619048,0.0096701716480471,0.814 (0.01)
sonar,2,4,kDN,0.791040100250627,0.788809523809524,0.0085199107745576,0.791 (0.009)
spambase,2,1,CLD,0.948728431621822,0.948659657099555,0.0008171478536437,0.949 (0.001)
spambase,4,8,DCP,0.949633393657488,0.949748034479492,0.001210253631339,0.95 (0.001)
spambase,8,1,F1,0.950329788666039,0.950615705219286,0.0010550715945734,0.95 (0.001)
spambase,6,2,Hostility,0.948761086433048,0.948658709860756,0.0009601053296258,0.949 (0.001)
spambase,4,8,LSC,0.946254194024419,0.946918158567775,0.0016875089250928,0.946 (0.002)
spambase,2,8,N1,0.946391244522218,0.946700293644028,0.0012952687943534,0.946 (0.001)
spambase,10,2,N2,0.948501418365465,0.948443213034006,0.0007560601030146,0.949 (0.001)
spambase,8,1,TD_U,0.952483535494035,0.952358150989865,0.0008214581175275,0.952 (0.001)
spambase,4,4,kDN,0.947021980925602,0.947135549872123,0.0006966267265281,0.947 (0.001)
spectfheart,6,8,CLD,0.820520317888739,0.824074074074074,0.0052193877521121,0.821 (0.005)
spectfheart,2,6,DCP,0.814147548358075,0.812820512820513,0.0061037947024178,0.814 (0.006)
spectfheart,8,1,F1,0.814709851551957,0.812820512820513,0.0076004329690269,0.815 (0.008)
spectfheart,2,6,Hostility,0.8138326585695,0.812820512820513,0.0043438586605563,0.814 (0.004)
spectfheart,4,8,LSC,0.812940470835208,0.812962962962963,0.0078483095492307,0.813 (0.008)
spectfheart,10,1,N1,0.814672364672365,0.812535612535613,0.0082223064611911,0.815 (0.008)
spectfheart,6,6,N2,0.825423601739391,0.827777777777778,0.0084654183686062,0.825 (0.008)
spectfheart,2,8,TD_U,0.814972259709102,0.813105413105413,0.0069607939351775,0.815 (0.007)
spectfheart,2,1,kDN,0.814095066726646,0.816239316239316,0.0053940104228589,0.814 (0.005)
steel-plates-fault,8,2,CLD,1,1,0,1.0 (0.0)
steel-plates-fault,8,2,DCP,1,1,0,1.0 (0.0)
steel-plates-fault,8,2,F1,1,1,0,1.0 (0.0)
steel-plates-fault,8,2,Hostility,1,1,0,1.0 (0.0)
steel-plates-fault,8,2,LSC,1,1,0,1.0 (0.0)
steel-plates-fault,8,2,N1,1,1,0,1.0 (0.0)
steel-plates-fault,8,2,N2,1,1,0,1.0 (0.0)
steel-plates-fault,8,2,TD_U,1,1,0,1.0 (0.0)
steel-plates-fault,8,2,kDN,1,1,0,1.0 (0.0)
sylvine,4,6,CLD,0.945496891671796,0.94574310124269,0.0011616555548985,0.945 (0.001)
sylvine,10,8,DCP,0.945692284324664,0.946134106968811,0.0008305164616117,0.946 (0.001)
sylvine,4,6,F1,0.945703986643326,0.945940317373294,0.0011592508040748,0.946 (0.001)
sylvine,2,6,Hostility,0.944346537716733,0.944572749147173,0.0011715001804818,0.944 (0.001)
sylvine,2,8,LSC,0.94541459471504,0.945937652290448,0.0015592461238321,0.945 (0.002)
sylvine,6,4,N1,0.945548389889197,0.945744243421053,0.0011726298548643,0.946 (0.001)
sylvine,2,2,N2,0.944552610739202,0.944768061647173,0.0007032540950897,0.945 (0.001)
sylvine,8,2,TD_U,0.945775963918385,0.945744624147173,0.000631510108616,0.946 (0.001)
sylvine,2,6,kDN,0.946217045148507,0.946135249147173,0.0006421373685098,0.946 (0.001)
teaching_assistant_LH,6,8,CLD,0.686411483253588,0.692727272727273,0.0095513386588183,0.686 (0.01)
teaching_assistant_LH,4,4,DCP,0.681531100478469,0.683636363636364,0.0103166248617468,0.682 (0.01)
teaching_assistant_LH,10,1,F1,0.684688995215311,0.683636363636364,0.0058467037474341,0.685 (0.006)
teaching_assistant_LH,2,2,Hostility,0.68311004784689,0.692727272727273,0.014291712874412,0.683 (0.014)
teaching_assistant_LH,8,1,LSC,0.693253588516746,0.702727272727273,0.0219781922749009,0.693 (0.022)
teaching_assistant_LH,2,2,N1,0.691722488038277,0.692727272727273,0.0071767322283039,0.692 (0.007)
teaching_assistant_LH,6,1,N2,0.69377990430622,0.692727272727273,0.0132894013083548,0.694 (0.013)
teaching_assistant_LH,2,2,TD_U,0.679186602870813,0.682727272727273,0.0085650684901395,0.679 (0.009)
teaching_assistant_LH,8,4,kDN,0.687799043062201,0.692727272727273,0.0075168362571113,0.688 (0.008)
teaching_assistant_LM,8,4,CLD,0.682573099415205,0.685555555555555,0.0149303487224442,0.683 (0.015)
teaching_assistant_LM,10,4,DCP,0.676491228070175,0.676666666666667,0.0192209846097508,0.676 (0.019)
teaching_assistant_LM,6,6,F1,0.65187134502924,0.646666666666667,0.0138730904299177,0.652 (0.014)
teaching_assistant_LM,10,8,Hostility,0.650292397660819,0.645555555555556,0.0206474160483506,0.65 (0.021)
teaching_assistant_LM,4,1,LSC,0.656140350877193,0.656666666666667,0.0120320127465958,0.656 (0.012)
teaching_assistant_LM,10,8,N1,0.665029239766082,0.666666666666667,0.0121341858621298,0.665 (0.012)
teaching_assistant_LM,4,2,N2,0.652923976608187,0.655555555555556,0.007334928056269,0.653 (0.007)
teaching_assistant_LM,8,6,TD_U,0.650233918128655,0.645555555555556,0.0101739260823844,0.65 (0.01)
teaching_assistant_LM,10,2,kDN,0.668654970760234,0.666666666666667,0.0064531544733446,0.669 (0.006)
teaching_assistant_MH,2,6,CLD,0.726076555023923,0.72,0.0109680755187846,0.726 (0.011)
teaching_assistant_MH,6,2,DCP,0.736937799043062,0.739090909090909,0.0051533911585516,0.737 (0.005)
teaching_assistant_MH,6,8,F1,0.738516746411483,0.739090909090909,0.0022920497063464,0.739 (0.002)
teaching_assistant_MH,10,4,Hostility,0.741196172248804,0.738181818181818,0.0077675872400368,0.741 (0.008)
teaching_assistant_MH,6,6,LSC,0.719904306220096,0.720909090909091,0.0102578990900301,0.72 (0.01)
teaching_assistant_MH,10,2,N1,0.729090909090909,0.729090909090909,0.0033333333333332,0.729 (0.003)
teaching_assistant_MH,2,6,N2,0.726937799043062,0.73,0.0158047386459049,0.727 (0.016)
teaching_assistant_MH,6,6,TD_U,0.739760765550239,0.738181818181818,0.0081696998092745,0.74 (0.008)
teaching_assistant_MH,8,2,kDN,0.727081339712919,0.729090909090909,0.0052098210866282,0.727 (0.005)
titanic,6,2,CLD,0.799390549185648,0.799835584263065,0.0023247559262884,0.799 (0.002)
titanic,8,2,DCP,0.803654232469018,0.8036582501468,0.0029357741501047,0.804 (0.003)
titanic,10,6,F1,0.79826559940662,0.799072225484439,0.0026939137470189,0.798 (0.003)
titanic,6,1,Hostility,0.799092004821213,0.800569583088667,0.0052049867821902,0.799 (0.005)
titanic,4,1,LSC,0.79549154742405,0.795249559600705,0.0022800532632035,0.795 (0.002)
titanic,4,1,N1,0.798387056896498,0.798302994715209,0.0012488043602926,0.798 (0.001)
titanic,8,1,N2,0.803858515931638,0.803664122137405,0.0028327734077657,0.804 (0.003)
titanic,6,1,TD_U,0.798145069073153,0.798308866705813,0.0028060237538259,0.798 (0.003)
titanic,10,2,kDN,0.80018295886516,0.800581327069877,0.0027404400182536,0.8 (0.003)
vehicle2,2,4,CLD,0.981029043196226,0.98109243697479,0.0009193974532498,0.981 (0.001)
vehicle2,6,1,DCP,0.979029927760578,0.978725490196078,0.0013609625009825,0.979 (0.001)
vehicle2,8,1,F1,0.98297139908595,0.983473389355742,0.0008216787510745,0.983 (0.001)
vehicle2,2,2,Hostility,0.976829573934837,0.97640056022409,0.001369180130756,0.977 (0.001)
vehicle2,4,8,LSC,0.982084623323014,0.982268907563025,0.0015352754039165,0.982 (0.002)
vehicle2,4,6,N1,0.977127377266696,0.977549019607843,0.0011260548209771,0.977 (0.001)
vehicle2,2,2,N2,0.982384638065753,0.982254901960784,0.001174420223822,0.982 (0.001)
vehicle2,10,8,TD_U,0.978789621111602,0.978739495798319,0.0010779595229433,0.979 (0.001)
vehicle2,8,1,kDN,0.979480318443167,0.979915966386554,0.0012567022124713,0.979 (0.001)
vertebral_column,10,4,CLD,0.845161290322581,0.845161290322581,0.0092498121150995,0.845 (0.009)
vertebral_column,2,8,DCP,0.846689303904924,0.845161290322581,0.0046084296743714,0.847 (0.005)
vertebral_column,10,1,F1,0.848726655348047,0.848387096774193,0.0072046811681233,0.849 (0.007)
vertebral_column,10,2,Hostility,0.847707979626486,0.848387096774193,0.0064137732049834,0.848 (0.006)
vertebral_column,4,2,LSC,0.84634974533107,0.845161290322581,0.0028873573330671,0.846 (0.003)
vertebral_column,8,6,N1,0.841426146010187,0.841935483870968,0.0044676297353685,0.841 (0.004)
vertebral_column,2,8,N2,0.847368421052632,0.848387096774193,0.007136791021047,0.847 (0.007)
vertebral_column,2,4,TD_U,0.844312393887946,0.845161290322581,0.0067014446030528,0.844 (0.007)
vertebral_column,8,4,kDN,0.841765704584041,0.841935483870968,0.0047450534954735,0.842 (0.005)
wdbc,8,2,CLD,0.965093655190608,0.964818295739348,0.0030556237031257,0.965 (0.003)
wdbc,4,6,DCP,0.963619575253924,0.963063909774436,0.0014380666937327,0.964 (0.001)
wdbc,10,6,F1,0.961398562194961,0.961309523809524,0.0018992147822175,0.961 (0.002)
wdbc,4,2,Hostility,0.962325220947105,0.963063909774436,0.0023621525213111,0.962 (0.002)
wdbc,8,6,LSC,0.966018665083762,0.966572681704261,0.0021127734443497,0.966 (0.002)
wdbc,8,1,N1,0.962786901464187,0.963063909774436,0.0021297437847961,0.963 (0.002)
wdbc,10,6,N2,0.961767906608627,0.961309523809524,0.0021863390073791,0.962 (0.002)
wdbc,2,8,TD_U,0.965954359583168,0.966604010025062,0.0034782407137539,0.966 (0.003)
wdbc,10,6,kDN,0.962328518665084,0.963063909774436,0.0017812313475712,0.962 (0.002)
yeast1,10,2,CLD,0.782811202230135,0.783058226011246,0.0038646728955687,0.783 (0.004)
yeast1,4,1,DCP,0.783001183804787,0.785058044621803,0.0055527510113552,0.783 (0.006)
yeast1,2,4,F1,0.77599692592628,0.775657536731362,0.0027643175950674,0.776 (0.003)
yeast1,4,1,Hostility,0.781439563901591,0.782359876655179,0.0020409304351916,0.781 (0.002)
yeast1,4,1,LSC,0.779360984085463,0.780341919100308,0.0027306433970024,0.779 (0.003)
yeast1,6,6,N1,0.77671556225954,0.776296934518411,0.0034306190238751,0.777 (0.003)
yeast1,10,2,N2,0.777310806037404,0.777666424814076,0.0027866178956709,0.777 (0.003)
yeast1,6,4,TD_U,0.772283215748422,0.772247415200435,0.0037138242330452,0.772 (0.004)
yeast1,10,2,kDN,0.782435296476271,0.783040087066933,0.0047040404718252,0.782 (0.005)
