lymphatics,block_of_affere,bl_of_lymph_c,bl_of_lymph_s,by_pass,extravasates,regeneration_of,early_uptake_in,lym_nodes_dimin,lym_nodes_enlar,changes_in_lym,defect_in_node,changes_in_node,changes_in_stru,special_forms,dislocation_of,exclusion_of_no,no_of_nodes_in,class
arched,yes,no,no,no,no,no,yes,1.0,4.0,round,lac_central,lacunar,stripped,vesicles,yes,yes,5.0,minority
displaced,yes,no,no,yes,yes,no,yes,1.0,3.0,round,lac_central,lacunar,diluted,vesicles,yes,yes,3.0,minority
deformed,no,no,no,yes,yes,yes,no,3.0,1.0,bean,lacunar,no,diluted,vesicles,no,no,7.0,minority
arched,no,no,no,no,yes,no,yes,1.0,2.0,oval,lac_margin,lac_margin,drop_like,vesicles,no,yes,1.0,minority
arched,no,no,no,no,no,no,no,1.0,2.0,round,lac_margin,lac_margin,faint,vesicles,no,no,1.0,majority
arched,no,no,no,no,no,no,yes,1.0,2.0,oval,lac_central,lacunar,faint,vesicles,yes,yes,3.0,minority
deformed,no,no,no,no,no,no,no,1.0,2.0,oval,lac_central,lacunar,faint,chalices,yes,yes,1.0,minority
deformed,no,no,no,no,no,no,yes,1.0,4.0,round,lac_margin,lac_central,diluted,vesicles,yes,yes,3.0,minority
arched,no,no,no,no,no,no,yes,1.0,3.0,oval,lac_central,lacunar,faint,vesicles,yes,yes,4.0,minority
displaced,no,no,no,no,no,no,yes,1.0,3.0,oval,lac_central,lac_central,faint,vesicles,yes,yes,1.0,minority
arched,yes,no,no,no,no,no,yes,1.0,2.0,round,lacunar,lac_margin,faint,chalices,no,no,1.0,majority
displaced,no,no,no,no,no,no,no,2.0,1.0,round,lac_central,lacunar,faint,no,yes,yes,1.0,majority
deformed,no,no,no,no,yes,no,yes,1.0,3.0,round,lac_central,lac_central,coarse,vesicles,no,yes,6.0,minority
deformed,no,no,no,no,no,no,no,1.0,2.0,oval,lac_central,lac_margin,diluted,no,yes,yes,1.0,majority
deformed,yes,yes,yes,yes,yes,no,yes,1.0,2.0,round,lac_margin,lac_margin,coarse,vesicles,yes,yes,7.0,majority
displaced,yes,no,no,yes,no,no,yes,1.0,3.0,round,lac_margin,lac_margin,grainy,chalices,yes,yes,3.0,majority
displaced,no,no,no,no,no,no,yes,1.0,4.0,oval,lacunar,lac_central,stripped,vesicles,yes,yes,7.0,minority
arched,no,no,no,no,no,no,yes,1.0,3.0,oval,lacunar,lacunar,reticular,vesicles,yes,yes,6.0,minority
displaced,no,no,no,no,no,no,yes,1.0,4.0,oval,lac_central,lacunar,faint,vesicles,yes,yes,6.0,minority
deformed,yes,no,no,no,yes,no,no,1.0,2.0,oval,lac_central,lac_margin,coarse,no,yes,yes,2.0,majority
arched,no,no,no,no,no,no,yes,1.0,3.0,oval,lac_central,lac_central,coarse,vesicles,yes,yes,5.0,minority
arched,yes,no,no,no,no,no,yes,1.0,4.0,round,lac_central,lacunar,faint,chalices,no,yes,4.0,majority
deformed,yes,no,no,no,yes,no,yes,1.0,2.0,round,lac_margin,lac_margin,grainy,chalices,yes,yes,3.0,majority
displaced,no,no,no,no,no,no,yes,1.0,2.0,oval,lac_margin,lac_margin,drop_like,vesicles,yes,no,1.0,minority
arched,no,no,no,no,yes,no,yes,1.0,3.0,oval,lacunar,lacunar,coarse,vesicles,no,yes,5.0,minority
arched,yes,no,no,no,yes,no,yes,1.0,3.0,round,lac_margin,lac_margin,faint,vesicles,yes,yes,4.0,minority
arched,no,no,no,no,no,no,no,1.0,1.0,bean,lacunar,lacunar,drop_like,no,yes,yes,1.0,majority
arched,yes,no,no,no,no,no,yes,1.0,3.0,oval,lacunar,lacunar,faint,vesicles,no,yes,5.0,minority
displaced,yes,no,no,no,no,no,yes,1.0,2.0,oval,lacunar,lac_margin,drop_like,chalices,yes,yes,1.0,majority
deformed,no,no,no,no,yes,no,yes,1.0,4.0,oval,lac_central,lac_central,grainy,vesicles,yes,yes,3.0,minority
arched,no,no,no,no,yes,no,no,1.0,2.0,oval,lacunar,lacunar,drop_like,no,no,no,1.0,minority
displaced,no,no,no,yes,yes,no,yes,1.0,3.0,round,lac_margin,lac_central,diluted,vesicles,yes,yes,4.0,minority
arched,yes,yes,no,yes,yes,no,yes,1.0,3.0,oval,lac_central,lac_margin,diluted,no,yes,yes,3.0,majority
deformed,yes,no,no,no,no,no,yes,1.0,2.0,round,lac_margin,lac_margin,faint,chalices,yes,yes,1.0,majority
arched,yes,yes,no,yes,yes,no,no,1.0,2.0,oval,lac_margin,lac_margin,coarse,chalices,no,yes,1.0,majority
deformed,yes,yes,yes,yes,yes,yes,no,2.0,2.0,oval,lac_central,lacunar,coarse,vesicles,yes,yes,7.0,minority
displaced,no,no,no,no,yes,no,yes,1.0,3.0,round,lac_central,lacunar,coarse,vesicles,yes,yes,4.0,minority
arched,no,no,no,no,yes,no,yes,1.0,3.0,round,lacunar,lacunar,coarse,vesicles,yes,yes,6.0,minority
arched,yes,yes,no,no,yes,no,no,1.0,2.0,round,lacunar,lac_margin,drop_like,chalices,no,no,1.0,majority
arched,yes,no,no,yes,yes,no,no,1.0,3.0,round,lac_central,lac_margin,coarse,vesicles,no,no,1.0,majority
arched,no,no,no,no,no,no,no,1.0,1.0,bean,no,no,drop_like,no,yes,yes,1.0,majority
arched,no,no,no,no,no,no,yes,1.0,2.0,oval,lacunar,no,stripped,no,yes,yes,2.0,minority
arched,yes,no,no,no,yes,no,yes,1.0,2.0,round,lac_margin,lac_margin,diluted,vesicles,yes,yes,2.0,majority
displaced,no,no,no,no,yes,no,yes,1.0,4.0,round,lac_central,lacunar,diluted,vesicles,yes,yes,2.0,minority
deformed,yes,yes,no,no,yes,no,no,1.0,2.0,round,lac_margin,lac_margin,diluted,chalices,no,yes,2.0,majority
displaced,yes,yes,no,no,yes,no,yes,1.0,2.0,oval,lac_margin,lac_margin,faint,vesicles,yes,yes,2.0,majority
deformed,yes,no,no,yes,yes,no,yes,1.0,3.0,round,lacunar,lac_margin,coarse,chalices,yes,yes,2.0,majority
arched,yes,yes,no,yes,yes,no,yes,1.0,3.0,round,lac_central,lac_margin,coarse,vesicles,yes,yes,6.0,majority
displaced,yes,yes,no,yes,yes,no,yes,1.0,3.0,round,lac_central,lac_margin,faint,chalices,yes,yes,3.0,majority
displaced,yes,no,no,no,no,no,yes,1.0,2.0,oval,lacunar,lac_central,faint,no,no,yes,2.0,minority
deformed,no,no,no,no,no,no,yes,1.0,3.0,oval,lacunar,lacunar,faint,no,no,no,1.0,majority
deformed,no,no,no,no,no,no,yes,2.0,1.0,oval,lacunar,lacunar,faint,vesicles,no,yes,8.0,minority
deformed,yes,yes,no,yes,yes,no,no,1.0,3.0,round,lac_central,lac_margin,coarse,chalices,yes,yes,3.0,majority
deformed,no,no,no,yes,yes,yes,no,3.0,1.0,bean,lac_central,lacunar,diluted,vesicles,no,yes,4.0,minority
arched,yes,no,no,no,no,no,yes,1.0,3.0,round,lac_margin,lac_margin,drop_like,chalices,no,yes,1.0,majority
deformed,no,no,no,no,no,no,yes,1.0,2.0,oval,lacunar,lac_margin,grainy,no,yes,yes,1.0,majority
deformed,yes,no,no,no,yes,no,yes,1.0,3.0,oval,lac_central,lac_margin,coarse,chalices,yes,yes,2.0,majority
arched,no,no,no,no,no,no,yes,1.0,3.0,round,lac_margin,lac_margin,reticular,vesicles,no,yes,4.0,majority
arched,no,no,no,no,no,no,no,1.0,2.0,round,lacunar,lacunar,faint,no,yes,no,1.0,majority
deformed,yes,no,no,no,yes,no,yes,1.0,2.0,oval,lacunar,lacunar,no,vesicles,no,no,1.0,majority
arched,yes,no,no,no,yes,no,yes,1.0,2.0,round,lac_margin,lac_margin,diluted,vesicles,yes,yes,1.0,majority
arched,yes,no,no,no,yes,no,yes,1.0,2.0,oval,lac_margin,lac_margin,coarse,chalices,no,yes,1.0,majority
deformed,yes,yes,yes,yes,yes,yes,yes,1.0,4.0,round,lac_margin,lac_central,faint,vesicles,yes,yes,7.0,minority
deformed,yes,yes,no,yes,yes,no,yes,1.0,3.0,oval,lacunar,lac_margin,coarse,no,yes,yes,1.0,majority
arched,no,no,no,no,no,no,yes,1.0,2.0,oval,lacunar,lacunar,coarse,no,yes,no,2.0,majority
displaced,yes,no,no,no,yes,no,no,1.0,2.0,oval,lac_margin,lac_margin,diluted,chalices,no,yes,1.0,majority
arched,yes,no,no,no,no,no,yes,1.0,3.0,round,lac_margin,lac_margin,grainy,chalices,yes,no,1.0,majority
arched,yes,no,no,no,no,no,yes,1.0,2.0,oval,lac_margin,lac_margin,grainy,vesicles,yes,yes,2.0,majority
deformed,no,no,no,yes,no,no,yes,1.0,2.0,round,lac_margin,lac_margin,diluted,vesicles,no,no,1.0,majority
deformed,no,no,no,no,yes,no,no,1.0,3.0,oval,lac_margin,lac_margin,faint,vesicles,yes,yes,2.0,minority
displaced,yes,no,no,yes,yes,no,yes,1.0,4.0,round,lac_central,lac_margin,coarse,chalices,yes,yes,2.0,majority
displaced,yes,no,no,no,no,no,yes,1.0,2.0,oval,lacunar,lacunar,drop_like,chalices,no,no,1.0,majority
arched,no,no,no,no,no,no,yes,1.0,2.0,oval,lac_central,lacunar,grainy,no,yes,yes,1.0,majority
deformed,yes,yes,yes,yes,yes,yes,yes,3.0,1.0,bean,lacunar,lacunar,faint,no,yes,yes,4.0,minority
displaced,yes,no,no,no,yes,no,yes,1.0,4.0,round,lac_margin,lac_margin,stripped,vesicles,yes,yes,3.0,minority
deformed,yes,yes,no,no,yes,no,no,1.0,3.0,oval,lac_margin,lac_margin,coarse,vesicles,no,yes,2.0,majority
arched,no,no,no,no,no,no,yes,1.0,2.0,oval,lac_central,lac_central,faint,chalices,no,yes,2.0,minority
displaced,yes,no,no,no,yes,no,no,1.0,2.0,round,lacunar,lac_margin,grainy,chalices,no,no,1.0,majority
arched,yes,yes,no,yes,yes,yes,yes,1.0,3.0,round,lac_central,lac_central,diluted,vesicles,yes,yes,5.0,minority
deformed,no,no,no,no,no,no,yes,1.0,2.0,oval,lac_central,lac_central,grainy,vesicles,yes,no,1.0,minority
arched,yes,no,no,no,yes,no,yes,1.0,2.0,oval,lac_central,lac_central,diluted,vesicles,yes,yes,1.0,majority
arched,no,no,no,no,yes,no,yes,1.0,2.0,oval,lacunar,lacunar,faint,chalices,no,yes,2.0,minority
arched,yes,yes,no,no,no,no,yes,1.0,2.0,oval,lac_central,lac_margin,faint,chalices,yes,yes,2.0,majority
arched,no,no,no,no,no,no,no,1.0,2.0,oval,lacunar,lac_margin,faint,chalices,no,yes,1.0,majority
arched,yes,no,no,no,no,no,no,1.0,2.0,round,lac_margin,lac_margin,grainy,chalices,yes,yes,1.0,majority
displaced,no,no,no,no,no,no,yes,1.0,3.0,oval,lacunar,lac_central,drop_like,chalices,yes,no,1.0,minority
deformed,yes,no,no,yes,yes,no,no,1.0,2.0,oval,lac_central,lac_margin,grainy,no,yes,yes,3.0,majority
arched,yes,no,no,no,yes,no,yes,1.0,4.0,round,lac_central,lac_central,faint,vesicles,yes,yes,7.0,minority
deformed,yes,no,no,no,yes,no,yes,1.0,2.0,oval,lacunar,lac_central,faint,vesicles,no,yes,3.0,minority
arched,yes,no,no,no,yes,no,yes,1.0,2.0,round,lacunar,lacunar,coarse,chalices,no,no,2.0,majority
arched,yes,yes,no,yes,yes,yes,yes,1.0,4.0,oval,lacunar,lacunar,coarse,vesicles,yes,yes,6.0,minority
displaced,yes,no,no,yes,yes,no,no,1.0,1.0,round,lac_margin,lac_margin,drop_like,vesicles,yes,yes,3.0,majority
arched,no,no,no,no,no,no,yes,1.0,2.0,oval,lacunar,lacunar,faint,chalices,yes,yes,1.0,minority
arched,no,no,no,no,no,no,yes,1.0,4.0,round,lac_central,lac_central,diluted,vesicles,yes,yes,5.0,minority
arched,no,no,no,no,no,no,yes,1.0,3.0,oval,lac_margin,lac_margin,faint,vesicles,yes,yes,3.0,minority
deformed,no,no,no,no,yes,no,yes,1.0,4.0,oval,lacunar,lacunar,coarse,vesicles,yes,yes,7.0,minority
arched,no,no,no,no,no,no,yes,1.0,2.0,oval,lac_margin,lac_margin,diluted,vesicles,no,no,2.0,minority
arched,yes,no,no,no,yes,no,yes,1.0,3.0,round,lac_margin,lac_central,faint,vesicles,yes,yes,2.0,minority
displaced,no,no,no,no,yes,no,yes,1.0,4.0,oval,lacunar,lac_central,stripped,vesicles,yes,yes,2.0,minority
deformed,yes,no,no,no,yes,no,no,1.0,2.0,round,lac_central,lacunar,coarse,no,no,no,1.0,majority
arched,no,no,no,no,yes,no,yes,1.0,2.0,oval,lacunar,lac_central,faint,no,yes,yes,2.0,minority
displaced,yes,yes,yes,yes,yes,yes,yes,1.0,4.0,round,lac_central,lac_central,stripped,vesicles,yes,yes,8.0,minority
displaced,yes,no,no,no,yes,no,no,1.0,3.0,round,lac_central,lac_margin,faint,vesicles,yes,yes,2.0,majority
displaced,yes,yes,no,yes,yes,no,yes,1.0,1.0,oval,lacunar,no,drop_like,no,yes,yes,2.0,minority
deformed,no,no,no,no,yes,no,yes,1.0,2.0,oval,lac_central,lac_margin,faint,chalices,yes,yes,1.0,minority
deformed,no,no,no,no,no,no,yes,1.0,2.0,oval,lac_central,lacunar,coarse,vesicles,yes,yes,3.0,minority
displaced,yes,yes,no,no,no,no,yes,1.0,2.0,oval,lacunar,lac_margin,drop_like,chalices,yes,yes,2.0,majority
deformed,yes,no,no,no,no,no,no,1.0,2.0,oval,lac_margin,lac_margin,diluted,no,no,no,1.0,majority
normal,no,no,no,no,yes,no,yes,1.0,2.0,oval,no,no,grainy,no,no,no,2.0,minority
arched,yes,no,no,no,yes,no,yes,1.0,3.0,round,lac_central,lacunar,faint,vesicles,yes,yes,2.0,minority
arched,yes,no,no,yes,yes,no,no,1.0,2.0,oval,lac_central,lacunar,faint,vesicles,yes,yes,1.0,majority
deformed,no,no,no,no,no,yes,no,1.0,2.0,oval,lac_central,lac_margin,diluted,chalices,no,yes,1.0,majority
arched,yes,yes,no,yes,yes,no,yes,1.0,3.0,round,lac_margin,lac_margin,faint,vesicles,yes,yes,2.0,majority
displaced,no,no,no,yes,no,yes,yes,1.0,3.0,oval,lac_margin,lac_central,diluted,vesicles,yes,yes,7.0,minority
arched,yes,no,no,no,no,no,yes,1.0,2.0,round,lac_margin,lac_margin,diluted,chalices,no,yes,1.0,majority
deformed,yes,yes,no,yes,yes,no,yes,1.0,2.0,round,lac_margin,lac_central,grainy,chalices,yes,no,1.0,majority
arched,yes,no,no,no,no,no,no,1.0,2.0,oval,lac_margin,lac_margin,diluted,chalices,yes,yes,1.0,majority
deformed,yes,no,no,no,no,no,no,1.0,2.0,oval,lac_margin,lac_margin,drop_like,vesicles,no,no,2.0,majority
arched,yes,no,no,no,no,no,yes,1.0,2.0,round,lac_margin,lac_margin,diluted,vesicles,no,yes,1.0,majority
arched,yes,yes,yes,yes,yes,no,no,1.0,2.0,oval,lac_central,lac_margin,faint,chalices,yes,yes,3.0,majority
arched,no,no,no,no,no,no,yes,1.0,3.0,oval,lacunar,lacunar,faint,vesicles,yes,yes,5.0,minority
normal,no,no,no,no,no,no,no,1.0,1.0,bean,no,no,no,no,no,no,1.0,minority
arched,yes,no,no,no,no,no,no,1.0,1.0,oval,lacunar,lac_margin,drop_like,no,no,no,1.0,majority
deformed,yes,no,no,no,no,no,yes,1.0,2.0,round,lac_margin,lac_margin,diluted,chalices,yes,no,1.0,majority
displaced,yes,no,no,yes,yes,no,yes,1.0,3.0,round,lac_central,lac_margin,coarse,vesicles,yes,yes,2.0,majority
displaced,yes,no,no,no,no,no,no,1.0,4.0,round,lac_margin,lac_margin,coarse,chalices,yes,no,1.0,majority
displaced,no,no,no,no,yes,no,yes,1.0,4.0,round,lac_central,lac_margin,drop_like,vesicles,yes,yes,5.0,minority
arched,no,no,no,no,no,no,no,1.0,2.0,round,lacunar,lac_margin,drop_like,chalices,yes,no,1.0,minority
deformed,no,no,no,no,no,no,no,1.0,2.0,oval,lacunar,lacunar,diluted,no,no,yes,2.0,minority
arched,yes,no,no,no,no,no,yes,1.0,2.0,oval,lacunar,lac_margin,faint,vesicles,no,yes,1.0,majority
deformed,yes,no,no,no,no,no,yes,1.0,2.0,oval,lacunar,lacunar,diluted,no,no,no,1.0,majority
deformed,no,no,no,no,no,no,no,1.0,2.0,round,lac_margin,lac_margin,coarse,vesicles,no,yes,2.0,majority
arched,no,no,no,no,no,no,no,1.0,2.0,oval,lacunar,lacunar,faint,no,no,no,1.0,majority
arched,no,no,no,no,yes,no,yes,1.0,3.0,round,lac_central,lacunar,faint,vesicles,yes,yes,3.0,minority
arched,no,no,no,no,no,no,no,1.0,1.0,oval,lacunar,lac_margin,drop_like,no,yes,yes,1.0,majority
arched,yes,no,no,no,no,no,no,1.0,2.0,round,lac_margin,lac_margin,drop_like,vesicles,no,yes,1.0,majority
arched,yes,no,no,no,yes,no,no,1.0,2.0,oval,lacunar,lac_margin,diluted,chalices,no,yes,2.0,majority
displaced,yes,yes,yes,yes,yes,no,yes,1.0,4.0,round,lac_central,lac_central,stripped,vesicles,yes,yes,6.0,minority
displaced,yes,no,no,yes,yes,no,yes,1.0,2.0,round,lacunar,lac_margin,grainy,vesicles,yes,yes,4.0,majority
deformed,yes,no,no,no,yes,no,yes,1.0,3.0,round,lac_margin,lac_margin,coarse,vesicles,yes,yes,1.0,majority
deformed,yes,yes,no,yes,no,no,yes,1.0,2.0,oval,lac_margin,lac_margin,faint,vesicles,no,yes,1.0,majority
arched,no,no,no,no,no,no,yes,1.0,3.0,round,lacunar,lac_margin,coarse,vesicles,yes,yes,2.0,minority
arched,yes,yes,no,yes,yes,no,yes,1.0,3.0,round,lac_margin,lac_margin,faint,vesicles,no,yes,2.0,majority
displaced,no,no,no,no,no,no,yes,1.0,3.0,round,lacunar,lacunar,coarse,chalices,yes,yes,2.0,majority
deformed,no,no,no,no,yes,no,yes,1.0,4.0,round,lac_central,lacunar,coarse,vesicles,yes,yes,6.0,minority
deformed,yes,no,no,yes,yes,no,yes,1.0,2.0,oval,lac_central,lac_margin,diluted,chalices,yes,yes,4.0,minority
deformed,yes,no,no,no,no,no,yes,1.0,3.0,oval,lacunar,lac_central,faint,vesicles,yes,yes,3.0,minority
arched,no,no,no,no,no,no,no,1.0,1.0,oval,lac_central,lac_margin,faint,chalices,yes,yes,2.0,majority
