name,landmass,zone,area,population,language,religion,bars,stripes,colours,red,green,blue,gold,white,black,orange,mainhue,circles,crosses,saltires,quarters,sunstars,crescent,triangle,icon,animate,text,topleft,class
Afghanistan,5,1,648.0,16.0,10,2,0,3,5,1,1,0,1,1,1,0,green,0,0,0,0,1,0,0,1,0,0,black,majority
Albania,3,1,29.0,3.0,6,6,0,0,3,1,0,0,1,0,1,0,red,0,0,0,0,1,0,0,0,1,0,red,minority
Algeria,4,1,2388.0,20.0,8,2,2,0,3,1,1,0,0,1,0,0,green,0,0,0,0,1,1,0,0,0,0,green,majority
American-Samoa,6,3,0.0,0.0,1,1,0,0,5,1,0,1,1,1,0,1,blue,0,0,0,0,0,0,1,1,1,0,blue,minority
Andorra,3,1,0.0,0.0,6,0,3,0,3,1,0,1,1,0,0,0,gold,0,0,0,0,0,0,0,0,0,0,blue,minority
Angola,4,2,1247.0,7.0,10,5,0,2,3,1,0,0,1,0,1,0,red,0,0,0,0,1,0,0,1,0,0,red,majority
Anguilla,1,4,0.0,0.0,1,1,0,1,3,0,0,1,0,1,0,1,white,0,0,0,0,0,0,0,0,1,0,white,majority
Antigua-Barbuda,1,4,0.0,0.0,1,1,0,1,5,1,0,1,1,1,1,0,red,0,0,0,0,1,0,1,0,0,0,black,minority
Argentina,2,3,2777.0,28.0,2,0,0,3,2,0,0,1,0,1,0,0,blue,0,0,0,0,0,0,0,0,0,0,blue,majority
Argentine,2,3,2777.0,28.0,2,0,0,3,3,0,0,1,1,1,0,0,blue,0,0,0,0,1,0,0,0,0,0,blue,majority
Australia,6,2,7690.0,15.0,1,1,0,0,3,1,0,1,0,1,0,0,blue,0,1,1,1,6,0,0,0,0,0,white,majority
Austria,3,1,84.0,8.0,4,0,0,3,2,1,0,0,0,1,0,0,red,0,0,0,0,0,0,0,0,0,0,red,minority
Bahamas,1,4,19.0,0.0,1,1,0,3,3,0,0,1,1,0,1,0,blue,0,0,0,0,0,0,1,0,0,0,blue,majority
Bahrain,5,1,1.0,0.0,8,2,0,0,2,1,0,0,0,1,0,0,red,0,0,0,0,0,0,0,0,0,0,white,minority
Bangladesh,5,1,143.0,90.0,6,2,0,0,2,1,1,0,0,0,0,0,green,1,0,0,0,0,0,0,0,0,0,green,majority
Barbados,1,4,0.0,0.0,1,1,3,0,3,0,0,1,1,0,1,0,blue,0,0,0,0,0,0,0,1,0,0,blue,majority
Belgium,3,1,31.0,10.0,6,0,3,0,3,1,0,0,1,0,1,0,gold,0,0,0,0,0,0,0,0,0,0,black,minority
Belize,1,4,23.0,0.0,1,1,0,2,8,1,1,1,1,1,1,1,blue,1,0,0,0,0,0,0,1,1,1,red,minority
Benin,4,1,113.0,3.0,3,5,0,0,2,1,1,0,0,0,0,0,green,0,0,0,0,1,0,0,0,0,0,green,majority
Bermuda,1,4,0.0,0.0,1,1,0,0,6,1,1,1,1,1,1,0,red,1,1,1,1,0,0,0,1,1,0,white,minority
Bhutan,5,1,47.0,1.0,10,3,0,0,4,1,0,0,0,1,1,1,orange,4,0,0,0,0,0,0,0,1,0,orange,minority
Bolivia,2,3,1099.0,6.0,2,0,0,3,3,1,1,0,1,0,0,0,red,0,0,0,0,0,0,0,0,0,0,red,majority
Botswana,4,2,600.0,1.0,10,5,0,5,3,0,0,1,0,1,1,0,blue,0,0,0,0,0,0,0,0,0,0,blue,majority
Brazil,2,3,8512.0,119.0,6,0,0,0,4,0,1,1,1,1,0,0,green,1,0,0,0,22,0,0,0,0,1,green,majority
British-Virgin-Isles,1,4,0.0,0.0,1,1,0,0,6,1,1,1,1,1,0,1,blue,0,1,1,1,0,0,0,1,1,1,white,majority
Brunei,5,1,6.0,0.0,10,2,0,0,4,1,0,0,1,1,1,0,gold,0,0,0,0,0,0,1,1,1,1,white,majority
Bulgaria,3,1,111.0,9.0,5,6,0,3,5,1,1,1,1,1,0,0,red,0,0,0,0,1,0,0,1,1,0,white,minority
Burkina,4,4,274.0,7.0,3,5,0,2,3,1,1,0,1,0,0,0,red,0,0,0,0,1,0,0,0,0,0,red,majority
Burma,5,1,678.0,35.0,10,3,0,0,3,1,0,1,0,1,0,0,red,0,0,0,1,14,0,0,1,1,0,blue,minority
Burundi,4,2,28.0,4.0,10,5,0,0,3,1,1,0,0,1,0,0,red,1,0,1,0,3,0,0,0,0,0,white,majority
Cameroon,4,1,474.0,8.0,3,1,3,0,3,1,1,0,1,0,0,0,gold,0,0,0,0,1,0,0,0,0,0,green,majority
Canada,1,4,9976.0,24.0,1,1,2,0,2,1,0,0,0,1,0,0,red,0,0,0,0,0,0,0,0,1,0,red,minority
Cape-Verde-Islands,4,4,4.0,0.0,6,0,1,2,5,1,1,0,1,0,1,1,gold,0,0,0,0,1,0,0,0,1,0,red,majority
Cayman-Islands,1,4,0.0,0.0,1,1,0,0,6,1,1,1,1,1,0,1,blue,1,1,1,1,4,0,0,1,1,1,white,majority
Central-African-Republic,4,1,623.0,2.0,10,5,1,0,5,1,1,1,1,1,0,0,gold,0,0,0,0,1,0,0,0,0,0,blue,majority
Chad,4,1,1284.0,4.0,3,5,3,0,3,1,0,1,1,0,0,0,gold,0,0,0,0,0,0,0,0,0,0,blue,minority
Chile,2,3,757.0,11.0,2,0,0,2,3,1,0,1,0,1,0,0,red,0,0,0,1,1,0,0,0,0,0,blue,minority
China,5,1,9561.0,1008.0,7,6,0,0,2,1,0,0,1,0,0,0,red,0,0,0,0,5,0,0,0,0,0,red,minority
Colombia,2,4,1139.0,28.0,2,0,0,3,3,1,0,1,1,0,0,0,gold,0,0,0,0,0,0,0,0,0,0,gold,minority
Comorro-Islands,4,2,2.0,0.0,3,2,0,0,2,0,1,0,0,1,0,0,green,0,0,0,0,4,1,0,0,0,0,green,majority
Congo,4,2,342.0,2.0,10,5,0,0,3,1,1,0,1,0,0,0,red,0,0,0,0,1,0,0,1,1,0,red,minority
Cook-Islands,6,3,0.0,0.0,1,1,0,0,4,1,0,1,0,1,0,0,blue,1,1,1,1,15,0,0,0,0,0,white,majority
Costa-Rica,1,4,51.0,2.0,2,0,0,5,3,1,0,1,0,1,0,0,blue,0,0,0,0,0,0,0,0,0,0,blue,majority
Cuba,1,4,115.0,10.0,2,6,0,5,3,1,0,1,0,1,0,0,blue,0,0,0,0,1,0,1,0,0,0,blue,majority
Cyprus,3,1,9.0,1.0,6,1,0,0,3,0,1,0,1,1,0,0,white,0,0,0,0,0,0,0,1,1,0,white,majority
Czechoslovakia,3,1,128.0,15.0,5,6,0,0,3,1,0,1,0,1,0,0,white,0,0,0,0,0,0,1,0,0,0,white,minority
Denmark,3,1,43.0,5.0,6,1,0,0,2,1,0,0,0,1,0,0,red,0,1,0,0,0,0,0,0,0,0,red,minority
Djibouti,4,1,22.0,0.0,3,2,0,0,4,1,1,1,0,1,0,0,blue,0,0,0,0,1,0,1,0,0,0,white,majority
Dominica,1,4,0.0,0.0,1,1,0,0,6,1,1,1,1,1,1,0,green,1,0,0,0,10,0,0,0,1,0,green,majority
Dominican-Republic,1,4,49.0,6.0,2,0,0,0,3,1,0,1,0,1,0,0,blue,0,1,0,0,0,0,0,0,0,0,blue,majority
Ecuador,2,3,284.0,8.0,2,0,0,3,3,1,0,1,1,0,0,0,gold,0,0,0,0,0,0,0,0,0,0,gold,minority
Egypt,4,1,1001.0,47.0,8,2,0,3,4,1,0,0,1,1,1,0,black,0,0,0,0,0,0,0,0,1,1,red,majority
El-Salvador,1,4,21.0,5.0,2,0,0,3,2,0,0,1,0,1,0,0,blue,0,0,0,0,0,0,0,0,0,0,blue,majority
Equatorial-Guinea,4,1,28.0,0.0,10,5,0,3,4,1,1,1,0,1,0,0,green,0,0,0,0,0,0,1,0,0,0,green,minority
Ethiopia,4,1,1222.0,31.0,10,1,0,3,3,1,1,0,1,0,0,0,green,0,0,0,0,0,0,0,0,0,0,green,minority
Faeroes,3,4,1.0,0.0,6,1,0,0,3,1,0,1,0,1,0,0,white,0,1,0,0,0,0,0,0,0,0,white,majority
Falklands-Malvinas,2,3,12.0,0.0,1,1,0,0,6,1,1,1,1,1,0,0,blue,1,1,1,1,0,0,0,1,1,1,white,majority
Fiji,6,2,18.0,1.0,1,1,0,0,7,1,1,1,1,1,0,1,blue,0,2,1,1,0,0,0,1,1,0,white,majority
Finland,3,1,337.0,5.0,9,1,0,0,2,0,0,1,0,1,0,0,white,0,1,0,0,0,0,0,0,0,0,white,majority
France,3,1,547.0,54.0,3,0,3,0,3,1,0,1,0,1,0,0,white,0,0,0,0,0,0,0,0,0,0,blue,minority
French-Guiana,2,4,91.0,0.0,3,0,3,0,3,1,0,1,0,1,0,0,white,0,0,0,0,0,0,0,0,0,0,blue,minority
French-Polynesia,6,3,4.0,0.0,3,0,0,3,5,1,0,1,1,1,1,0,red,1,0,0,0,1,0,0,1,0,0,red,minority
Gabon,4,2,268.0,1.0,10,5,0,3,3,0,1,1,1,0,0,0,green,0,0,0,0,0,0,0,0,0,0,green,majority
Gambia,4,4,10.0,1.0,1,5,0,5,4,1,1,1,0,1,0,0,red,0,0,0,0,0,0,0,0,0,0,red,majority
Germany-DDR,3,1,108.0,17.0,4,6,0,3,3,1,0,0,1,0,1,0,gold,0,0,0,0,0,0,0,1,0,0,black,majority
Germany-FRG,3,1,249.0,61.0,4,1,0,3,3,1,0,0,1,0,1,0,black,0,0,0,0,0,0,0,0,0,0,black,majority
Ghana,4,4,239.0,14.0,1,5,0,3,4,1,1,0,1,0,1,0,red,0,0,0,0,1,0,0,0,0,0,red,majority
Gibraltar,3,4,0.0,0.0,1,1,0,1,3,1,0,0,1,1,0,0,white,0,0,0,0,0,0,0,1,0,0,white,minority
Greece,3,1,132.0,10.0,6,1,0,9,2,0,0,1,0,1,0,0,blue,0,1,0,1,0,0,0,0,0,0,blue,majority
Greenland,1,4,2176.0,0.0,6,1,0,0,2,1,0,0,0,1,0,0,white,1,0,0,0,0,0,0,0,0,0,white,minority
Grenada,1,4,0.0,0.0,1,1,0,0,3,1,1,0,1,0,0,0,gold,1,0,0,0,7,0,1,0,1,0,red,minority
Guam,6,1,0.0,0.0,1,1,0,0,7,1,1,1,1,1,0,1,blue,0,0,0,0,0,0,0,1,1,1,red,minority
Guatemala,1,4,109.0,8.0,2,0,3,0,2,0,0,1,0,1,0,0,blue,0,0,0,0,0,0,0,0,0,0,blue,majority
Guinea,4,4,246.0,6.0,3,2,3,0,3,1,1,0,1,0,0,0,gold,0,0,0,0,0,0,0,0,0,0,red,majority
Guinea-Bissau,4,4,36.0,1.0,6,5,1,2,4,1,1,0,1,0,1,0,gold,0,0,0,0,1,0,0,0,0,0,red,majority
Guyana,2,4,215.0,1.0,1,4,0,0,5,1,1,0,1,1,1,0,green,0,0,0,0,0,0,1,0,0,0,black,majority
Haiti,1,4,28.0,6.0,3,0,2,0,2,1,0,0,0,0,1,0,black,0,0,0,0,0,0,0,0,0,0,black,minority
Honduras,1,4,112.0,4.0,2,0,0,3,2,0,0,1,0,1,0,0,blue,0,0,0,0,5,0,0,0,0,0,blue,majority
Hong-Kong,5,1,1.0,5.0,7,3,0,0,6,1,1,1,1,1,0,1,blue,1,1,1,1,0,0,0,1,1,1,white,majority
Hungary,3,1,93.0,11.0,9,6,0,3,3,1,1,0,0,1,0,0,red,0,0,0,0,0,0,0,0,0,0,red,majority
Iceland,3,4,103.0,0.0,6,1,0,0,3,1,0,1,0,1,0,0,blue,0,1,0,0,0,0,0,0,0,0,blue,majority
India,5,1,3268.0,684.0,6,4,0,3,4,0,1,1,0,1,0,1,orange,1,0,0,0,0,0,0,1,0,0,orange,majority
Indonesia,6,2,1904.0,157.0,10,2,0,2,2,1,0,0,0,1,0,0,red,0,0,0,0,0,0,0,0,0,0,red,majority
Iran,5,1,1648.0,39.0,6,2,0,3,3,1,1,0,0,1,0,0,red,0,0,0,0,0,0,0,1,0,1,green,minority
Iraq,5,1,435.0,14.0,8,2,0,3,4,1,1,0,0,1,1,0,red,0,0,0,0,3,0,0,0,0,0,red,majority
Ireland,3,4,70.0,3.0,1,0,3,0,3,0,1,0,0,1,0,1,white,0,0,0,0,0,0,0,0,0,0,green,majority
Israel,5,1,21.0,4.0,10,7,0,2,2,0,0,1,0,1,0,0,white,0,0,0,0,1,0,0,0,0,0,blue,majority
Italy,3,1,301.0,57.0,6,0,3,0,3,1,1,0,0,1,0,0,white,0,0,0,0,0,0,0,0,0,0,green,minority
Ivory-Coast,4,4,323.0,7.0,3,5,3,0,3,1,1,0,0,1,0,0,white,0,0,0,0,0,0,0,0,0,0,red,majority
Jamaica,1,4,11.0,2.0,1,1,0,0,3,0,1,0,1,0,1,0,green,0,0,1,0,0,0,1,0,0,0,gold,majority
Japan,5,1,372.0,118.0,9,7,0,0,2,1,0,0,0,1,0,0,white,1,0,0,0,1,0,0,0,0,0,white,majority
Jordan,5,1,98.0,2.0,8,2,0,3,4,1,1,0,0,1,1,0,black,0,0,0,0,1,0,1,0,0,0,black,majority
Kampuchea,5,1,181.0,6.0,10,3,0,0,2,1,0,0,1,0,0,0,red,0,0,0,0,0,0,0,1,0,0,red,minority
Kenya,4,1,583.0,17.0,10,5,0,5,4,1,1,0,0,1,1,0,red,1,0,0,0,0,0,0,1,0,0,black,majority
Kiribati,6,1,0.0,0.0,1,1,0,0,4,1,0,1,1,1,0,0,red,0,0,0,0,1,0,0,1,1,0,red,majority
Kuwait,5,1,18.0,2.0,8,2,0,3,4,1,1,0,0,1,1,0,green,0,0,0,0,0,0,0,0,0,0,green,minority
Laos,5,1,236.0,3.0,10,6,0,3,3,1,0,1,0,1,0,0,red,1,0,0,0,0,0,0,0,0,0,red,minority
Lebanon,5,1,10.0,3.0,8,2,0,2,4,1,1,0,0,1,0,1,red,0,0,0,0,0,0,0,0,1,0,red,minority
Lesotho,4,2,30.0,1.0,10,5,2,0,4,1,1,1,0,1,0,0,blue,0,0,0,0,0,0,0,1,0,0,green,majority
Liberia,4,4,111.0,1.0,10,5,0,11,3,1,0,1,0,1,0,0,red,0,0,0,1,1,0,0,0,0,0,blue,minority
Libya,4,1,1760.0,3.0,8,2,0,0,1,0,1,0,0,0,0,0,green,0,0,0,0,0,0,0,0,0,0,green,majority
Liechtenstein,3,1,0.0,0.0,4,0,0,2,3,1,0,1,1,0,0,0,red,0,0,0,0,0,0,0,1,0,0,blue,minority
Luxembourg,3,1,3.0,0.0,4,0,0,3,3,1,0,1,0,1,0,0,red,0,0,0,0,0,0,0,0,0,0,red,majority
Malagasy,4,2,587.0,9.0,10,1,1,2,3,1,1,0,0,1,0,0,red,0,0,0,0,0,0,0,0,0,0,white,majority
Malawi,4,2,118.0,6.0,10,5,0,3,3,1,1,0,0,0,1,0,red,0,0,0,0,1,0,0,0,0,0,black,majority
Malaysia,5,1,333.0,13.0,10,2,0,14,4,1,0,1,1,1,0,0,red,0,0,0,1,1,1,0,0,0,0,blue,majority
Maldive-Islands,5,1,0.0,0.0,10,2,0,0,3,1,1,0,0,1,0,0,red,0,0,0,0,0,1,0,0,0,0,red,minority
Mali,4,4,1240.0,7.0,3,2,3,0,3,1,1,0,1,0,0,0,gold,0,0,0,0,0,0,0,0,0,0,green,minority
Malta,3,1,0.0,0.0,10,0,2,0,3,1,0,0,0,1,1,0,red,0,1,0,0,0,0,0,1,0,0,white,minority
Marianas,6,1,0.0,0.0,10,1,0,0,3,0,0,1,0,1,0,0,blue,0,0,0,0,1,0,0,1,0,0,blue,majority
Mauritania,4,4,1031.0,2.0,8,2,0,0,2,0,1,0,1,0,0,0,green,0,0,0,0,1,1,0,0,0,0,green,majority
Mauritius,4,2,2.0,1.0,1,4,0,4,4,1,1,1,1,0,0,0,red,0,0,0,0,0,0,0,0,0,0,red,majority
Mexico,1,4,1973.0,77.0,2,0,3,0,4,1,1,0,0,1,0,1,green,0,0,0,0,0,0,0,0,1,0,green,minority
Micronesia,6,1,1.0,0.0,10,1,0,0,2,0,0,1,0,1,0,0,blue,0,0,0,0,4,0,0,0,0,0,blue,majority
Monaco,3,1,0.0,0.0,3,0,0,2,2,1,0,0,0,1,0,0,red,0,0,0,0,0,0,0,0,0,0,red,majority
Mongolia,5,1,1566.0,2.0,10,6,3,0,3,1,0,1,1,0,0,0,red,2,0,0,0,1,1,1,1,0,0,red,minority
Montserrat,1,4,0.0,0.0,1,1,0,0,7,1,1,1,1,1,1,0,blue,0,2,1,1,0,0,0,1,1,0,white,majority
Morocco,4,4,447.0,20.0,8,2,0,0,2,1,1,0,0,0,0,0,red,0,0,0,0,1,0,0,0,0,0,red,minority
Mozambique,4,2,783.0,12.0,10,5,0,5,5,1,1,0,1,1,1,0,gold,0,0,0,0,1,0,1,1,0,0,green,majority
Nauru,6,2,0.0,0.0,10,1,0,3,3,0,0,1,1,1,0,0,blue,0,0,0,0,1,0,0,0,0,0,blue,majority
Nepal,5,1,140.0,16.0,10,4,0,0,3,0,0,1,0,1,0,1,brown,0,0,0,0,2,1,0,0,0,0,blue,majority
Netherlands,3,1,41.0,14.0,6,1,0,3,3,1,0,1,0,1,0,0,red,0,0,0,0,0,0,0,0,0,0,red,majority
Netherlands-Antilles,1,4,0.0,0.0,6,1,0,1,3,1,0,1,0,1,0,0,white,0,0,0,0,6,0,0,0,0,0,white,majority
New-Zealand,6,2,268.0,2.0,1,1,0,0,3,1,0,1,0,1,0,0,blue,0,1,1,1,4,0,0,0,0,0,white,majority
Nicaragua,1,4,128.0,3.0,2,0,0,3,2,0,0,1,0,1,0,0,blue,0,0,0,0,0,0,0,0,0,0,blue,majority
Niger,4,1,1267.0,5.0,3,2,0,3,3,0,1,0,0,1,0,1,orange,1,0,0,0,0,0,0,0,0,0,orange,majority
Nigeria,4,1,925.0,56.0,10,2,3,0,2,0,1,0,0,1,0,0,green,0,0,0,0,0,0,0,0,0,0,green,majority
Niue,6,3,0.0,0.0,1,1,0,0,4,1,0,1,1,1,0,0,gold,1,1,1,1,5,0,0,0,0,0,white,majority
North-Korea,5,1,121.0,18.0,10,6,0,5,3,1,0,1,0,1,0,0,blue,1,0,0,0,1,0,0,0,0,0,blue,majority
North-Yemen,5,1,195.0,9.0,8,2,0,3,4,1,1,0,0,1,1,0,red,0,0,0,0,1,0,0,0,0,0,red,majority
Norway,3,1,324.0,4.0,6,1,0,0,3,1,0,1,0,1,0,0,red,0,1,0,0,0,0,0,0,0,0,red,minority
Oman,5,1,212.0,1.0,8,2,0,2,3,1,1,0,0,1,0,0,red,0,0,0,0,0,0,0,1,0,0,red,majority
Pakistan,5,1,804.0,84.0,6,2,1,0,2,0,1,0,0,1,0,0,green,0,0,0,0,1,1,0,0,0,0,white,majority
Panama,2,4,76.0,2.0,2,0,0,0,3,1,0,1,0,1,0,0,red,0,0,0,4,2,0,0,0,0,0,white,majority
Papua-New-Guinea,6,2,463.0,3.0,1,5,0,0,4,1,0,0,1,1,1,0,black,0,0,0,0,5,0,1,0,1,0,red,majority
Parguay,2,3,407.0,3.0,2,0,0,3,6,1,1,1,1,1,1,0,red,1,0,0,0,1,0,0,1,1,1,red,majority
Peru,2,3,1285.0,14.0,2,0,3,0,2,1,0,0,0,1,0,0,red,0,0,0,0,0,0,0,0,0,0,red,minority
Philippines,6,1,300.0,48.0,10,0,0,0,4,1,0,1,1,1,0,0,blue,0,0,0,0,4,0,1,0,0,0,blue,minority
Poland,3,1,313.0,36.0,5,6,0,2,2,1,0,0,0,1,0,0,white,0,0,0,0,0,0,0,0,0,0,white,minority
Portugal,3,4,92.0,10.0,6,0,0,0,5,1,1,1,1,1,0,0,red,1,0,0,0,0,0,0,1,0,0,green,minority
Puerto-Rico,1,4,9.0,3.0,2,0,0,5,3,1,0,1,0,1,0,0,red,0,0,0,0,1,0,1,0,0,0,red,minority
Qatar,5,1,11.0,0.0,8,2,0,0,2,0,0,0,0,1,0,1,brown,0,0,0,0,0,0,0,0,0,0,white,majority
Romania,3,1,237.0,22.0,6,6,3,0,7,1,1,1,1,1,0,1,red,0,0,0,0,2,0,0,1,1,1,blue,minority
Rwanda,4,2,26.0,5.0,10,5,3,0,4,1,1,0,1,0,1,0,red,0,0,0,0,0,0,0,0,0,1,red,majority
San-Marino,3,1,0.0,0.0,6,0,0,2,2,0,0,1,0,1,0,0,white,0,0,0,0,0,0,0,0,0,0,white,majority
Sao-Tome,4,1,0.0,0.0,6,0,0,3,4,1,1,0,1,0,1,0,green,0,0,0,0,2,0,1,0,0,0,green,majority
Saudi-Arabia,5,1,2150.0,9.0,8,2,0,0,2,0,1,0,0,1,0,0,green,0,0,0,0,0,0,0,1,0,1,green,majority
Senegal,4,4,196.0,6.0,3,2,3,0,3,1,1,0,1,0,0,0,green,0,0,0,0,1,0,0,0,0,0,green,minority
Seychelles,4,2,0.0,0.0,1,1,0,0,3,1,1,0,0,1,0,0,red,0,0,0,0,0,0,0,0,0,0,red,majority
Sierra-Leone,4,4,72.0,3.0,1,5,0,3,3,0,1,1,0,1,0,0,green,0,0,0,0,0,0,0,0,0,0,green,majority
Singapore,5,1,1.0,3.0,7,3,0,2,2,1,0,0,0,1,0,0,white,0,0,0,0,5,1,0,0,0,0,red,majority
Soloman-Islands,6,2,30.0,0.0,1,1,0,0,4,0,1,1,1,1,0,0,green,0,0,0,0,5,0,1,0,0,0,blue,majority
Somalia,4,1,637.0,5.0,10,2,0,0,2,0,0,1,0,1,0,0,blue,0,0,0,0,1,0,0,0,0,0,blue,majority
South-Africa,4,2,1221.0,29.0,6,1,0,3,5,1,1,1,0,1,0,1,orange,0,1,1,0,0,0,0,0,0,0,orange,majority
South-Korea,5,1,99.0,39.0,10,7,0,0,4,1,0,1,0,1,1,0,white,1,0,0,0,0,0,0,1,0,0,white,majority
South-Yemen,5,1,288.0,2.0,8,2,0,3,4,1,0,1,0,1,1,0,red,0,0,0,0,1,0,1,0,0,0,red,majority
Spain,3,4,505.0,38.0,2,0,0,3,2,1,0,0,1,0,0,0,red,0,0,0,0,0,0,0,0,0,0,red,minority
Sri-Lanka,5,1,66.0,15.0,10,3,2,0,4,0,1,0,1,0,0,1,gold,0,0,0,0,0,0,0,1,1,0,gold,majority
St-Helena,4,3,0.0,0.0,1,1,0,0,7,1,1,1,1,1,0,1,blue,0,1,1,1,0,0,0,1,0,0,white,majority
St-Kitts-Nevis,1,4,0.0,0.0,1,1,0,0,5,1,1,0,1,1,1,0,green,0,0,0,0,2,0,1,0,0,0,green,minority
St-Lucia,1,4,0.0,0.0,1,1,0,0,4,0,0,1,1,1,1,0,blue,0,0,0,0,0,0,1,0,0,0,blue,majority
St-Vincent,1,4,0.0,0.0,1,1,5,0,4,0,1,1,1,1,0,0,green,0,0,0,0,0,0,0,1,1,1,blue,majority
Sudan,4,1,2506.0,20.0,8,2,0,3,4,1,1,0,0,1,1,0,red,0,0,0,0,0,0,1,0,0,0,red,majority
Surinam,2,4,63.0,0.0,6,1,0,5,4,1,1,0,1,1,0,0,red,0,0,0,0,1,0,0,0,0,0,green,majority
Swaziland,4,2,17.0,1.0,10,1,0,5,7,1,0,1,1,1,1,1,blue,0,0,0,0,0,0,0,1,0,0,blue,majority
Sweden,3,1,450.0,8.0,6,1,0,0,2,0,0,1,1,0,0,0,blue,0,1,0,0,0,0,0,0,0,0,blue,majority
Switzerland,3,1,41.0,6.0,4,1,0,0,2,1,0,0,0,1,0,0,red,0,1,0,0,0,0,0,0,0,0,red,minority
Syria,5,1,185.0,10.0,8,2,0,3,4,1,1,0,0,1,1,0,red,0,0,0,0,2,0,0,0,0,0,red,majority
Taiwan,5,1,36.0,18.0,7,3,0,0,3,1,0,1,0,1,0,0,red,1,0,0,1,1,0,0,0,0,0,blue,minority
Tanzania,4,2,945.0,18.0,10,5,0,0,4,0,1,1,1,0,1,0,green,0,0,0,0,0,0,1,0,0,0,green,majority
Thailand,5,1,514.0,49.0,10,3,0,5,3,1,0,1,0,1,0,0,red,0,0,0,0,0,0,0,0,0,0,red,minority
Togo,4,1,57.0,2.0,3,7,0,5,4,1,1,0,1,1,0,0,green,0,0,0,1,1,0,0,0,0,0,red,majority
Tonga,6,2,1.0,0.0,10,1,0,0,2,1,0,0,0,1,0,0,red,0,1,0,1,0,0,0,0,0,0,white,minority
Trinidad-Tobago,2,4,5.0,1.0,1,1,0,0,3,1,0,0,0,1,1,0,red,0,0,0,0,0,0,1,0,0,0,white,majority
Tunisia,4,1,164.0,7.0,8,2,0,0,2,1,0,0,0,1,0,0,red,1,0,0,0,1,1,0,0,0,0,red,minority
Turkey,5,1,781.0,45.0,9,2,0,0,2,1,0,0,0,1,0,0,red,0,0,0,0,1,1,0,0,0,0,red,minority
Turks-Cocos-Islands,1,4,0.0,0.0,1,1,0,0,6,1,1,1,1,1,0,1,blue,0,1,1,1,0,0,0,1,1,0,white,majority
Tuvalu,6,2,0.0,0.0,1,1,0,0,5,1,0,1,1,1,0,0,blue,0,1,1,1,9,0,0,0,0,0,white,majority
UAE,5,1,84.0,1.0,8,2,1,3,4,1,1,0,0,1,1,0,green,0,0,0,0,0,0,0,0,0,0,red,majority
Uganda,4,1,236.0,13.0,10,5,0,6,5,1,0,0,1,1,1,0,gold,1,0,0,0,0,0,0,0,1,0,black,minority
UK,3,4,245.0,56.0,1,1,0,0,3,1,0,1,0,1,0,0,red,0,1,1,0,0,0,0,0,0,0,white,minority
Uruguay,2,3,178.0,3.0,2,0,0,9,3,0,0,1,1,1,0,0,white,0,0,0,1,1,0,0,0,0,0,white,majority
US-Virgin-Isles,1,4,0.0,0.0,1,1,0,0,6,1,1,1,1,1,0,0,white,0,0,0,0,0,0,0,1,1,1,white,majority
USA,1,4,9363.0,231.0,1,1,0,13,3,1,0,1,0,1,0,0,white,0,0,0,1,50,0,0,0,0,0,blue,minority
USSR,5,1,22402.0,274.0,5,6,0,0,2,1,0,0,1,0,0,0,red,0,0,0,0,1,0,0,1,0,0,red,minority
Vanuatu,6,2,15.0,0.0,6,1,0,0,4,1,1,0,1,0,1,0,red,0,0,0,0,0,0,1,0,1,0,black,majority
Vatican-City,3,1,0.0,0.0,6,0,2,0,4,1,0,0,1,1,1,0,gold,0,0,0,0,0,0,0,1,0,0,gold,majority
Venezuela,2,4,912.0,15.0,2,0,0,3,7,1,1,1,1,1,1,1,red,0,0,0,0,7,0,0,1,1,0,gold,minority
Vietnam,5,1,333.0,60.0,10,6,0,0,2,1,0,0,1,0,0,0,red,0,0,0,0,1,0,0,0,0,0,red,minority
Western-Samoa,6,3,3.0,0.0,1,1,0,0,3,1,0,1,0,1,0,0,red,0,0,0,1,5,0,0,0,0,0,blue,minority
Yugoslavia,3,1,256.0,22.0,6,6,0,3,4,1,0,1,1,1,0,0,red,0,0,0,0,1,0,0,0,0,0,blue,minority
Zaire,4,2,905.0,28.0,10,5,0,0,4,1,1,0,1,0,0,1,green,1,0,0,0,0,0,0,1,1,0,green,majority
Zambia,4,2,753.0,6.0,10,5,3,0,4,1,1,0,0,0,1,1,green,0,0,0,0,0,0,0,0,1,0,green,majority
Zimbabwe,4,2,391.0,8.0,10,5,0,7,5,1,1,0,1,1,1,0,green,0,0,0,0,1,0,1,1,1,0,green,majority
