PARTNERS,TYPE,THORAX,SLEEP,class
8,0,35.0,0.64,majority
8,0,37.0,0.68,majority
8,0,49.0,0.68,minority
8,0,46.0,0.72,majority
8,0,63.0,0.72,majority
8,0,39.0,0.76,minority
8,0,46.0,0.76,majority
8,0,56.0,0.76,majority
8,0,63.0,0.76,majority
8,0,65.0,0.76,minority
8,0,56.0,0.8,majority
8,0,65.0,0.8,majority
8,0,70.0,0.8,minority
8,0,63.0,0.84,minority
8,0,65.0,0.84,minority
8,0,70.0,0.84,majority
8,0,77.0,0.84,majority
8,0,81.0,0.84,majority
8,0,86.0,0.84,majority
8,0,70.0,0.88,minority
8,0,70.0,0.88,majority
8,0,77.0,0.92,minority
8,0,77.0,0.92,minority
8,0,81.0,0.92,minority
8,0,77.0,0.94,minority
0,9,40.0,0.64,majority
0,9,37.0,0.7,majority
0,9,44.0,0.72,majority
0,9,47.0,0.72,majority
0,9,47.0,0.72,majority
0,9,47.0,0.76,majority
0,9,68.0,0.78,minority
0,9,47.0,0.8,majority
0,9,54.0,0.84,minority
0,9,61.0,0.84,majority
0,9,71.0,0.84,majority
0,9,75.0,0.84,majority
0,9,89.0,0.84,majority
0,9,58.0,0.88,minority
0,9,59.0,0.88,minority
0,9,62.0,0.88,majority
0,9,79.0,0.88,minority
0,9,96.0,0.88,minority
0,9,58.0,0.92,minority
0,9,62.0,0.92,majority
0,9,70.0,0.92,minority
0,9,72.0,0.92,majority
0,9,75.0,0.92,majority
0,9,96.0,0.92,majority
0,9,75.0,0.94,minority
1,0,46.0,0.64,majority
1,0,42.0,0.68,majority
1,0,65.0,0.72,majority
1,0,46.0,0.76,minority
1,0,58.0,0.76,majority
1,0,42.0,0.8,minority
1,0,48.0,0.8,minority
1,0,58.0,0.8,minority
1,0,50.0,0.82,majority
1,0,80.0,0.82,majority
1,0,63.0,0.84,majority
1,0,65.0,0.84,majority
1,0,70.0,0.84,majority
1,0,70.0,0.84,majority
1,0,72.0,0.84,minority
1,0,97.0,0.84,majority
1,0,46.0,0.88,majority
1,0,56.0,0.88,minority
1,0,70.0,0.88,majority
1,0,70.0,0.88,majority
1,0,72.0,0.88,minority
1,0,76.0,0.88,majority
1,0,90.0,0.88,majority
1,0,76.0,0.92,minority
1,0,92.0,0.92,minority
1,1,21.0,0.68,majority
1,1,40.0,0.68,minority
1,1,44.0,0.72,minority
1,1,54.0,0.76,majority
1,1,36.0,0.78,majority
1,1,40.0,0.8,minority
1,1,56.0,0.8,majority
1,1,60.0,0.8,minority
1,1,48.0,0.84,majority
1,1,53.0,0.84,minority
1,1,60.0,0.84,majority
1,1,60.0,0.84,majority
1,1,65.0,0.84,majority
1,1,68.0,0.84,minority
1,1,60.0,0.88,majority
1,1,81.0,0.88,majority
1,1,81.0,0.88,majority
1,1,48.0,0.9,minority
1,1,48.0,0.9,majority
1,1,56.0,0.9,majority
1,1,68.0,0.9,minority
1,1,75.0,0.9,majority
1,1,81.0,0.9,majority
1,1,48.0,0.92,minority
1,1,68.0,0.92,majority
8,1,16.0,0.64,minority
8,1,19.0,0.64,majority
8,1,19.0,0.68,majority
8,1,32.0,0.72,majority
8,1,33.0,0.72,minority
8,1,33.0,0.74,minority
8,1,30.0,0.76,majority
8,1,42.0,0.76,minority
8,1,42.0,0.76,majority
8,1,33.0,0.78,minority
8,1,26.0,0.8,majority
8,1,30.0,0.8,minority
8,1,40.0,0.82,majority
8,1,54.0,0.82,majority
8,1,34.0,0.84,majority
8,1,34.0,0.84,minority
8,1,47.0,0.84,minority
8,1,47.0,0.84,majority
8,1,42.0,0.88,minority
8,1,47.0,0.88,minority
8,1,54.0,0.88,minority
8,1,54.0,0.88,majority
8,1,56.0,0.88,majority
8,1,60.0,0.88,majority
8,1,44.0,0.92,majority
