class,instance,p.50,p.49,p.48,p.47,p.46,p.45,p.44,p.43,p.42,p.41,p.40,p.39,p.38,p.37,p.36,p.35,p.34,p.33,p.32,p.31,p.30,p.29,p.28,p.27,p.26,p.25,p.24,p.23,p.22,p.21,p.20,p.19,p.18,p.17,p.16,p.15,p.14,p.13,p.12,p.11,p.10,p.9,p.8,p.7,p.6,p.5,p.4,p.3,p.2,p.1,p1,p2,p3,p4,p5,p6
minority,S10,t,a,c,t,a,g,c,a,a,t,a,c,g,c,t,t,g,c,g,t,t,c,g,g,t,g,g,t,t,a,a,g,t,a,t,g,t,a,t,a,a,t,g,c,g,c,g,g,g,c,t,t,g,t,c,g
majority,AMPC,t,g,c,t,a,t,c,c,t,g,a,c,a,g,t,t,g,t,c,a,c,g,c,t,g,a,t,t,g,g,t,g,t,c,g,t,t,a,c,a,a,t,c,t,a,a,c,g,c,a,t,c,g,c,c,a
majority,AROH,g,t,a,c,t,a,g,a,g,a,a,c,t,a,g,t,g,c,a,t,t,a,g,c,t,t,a,t,t,t,t,t,t,t,g,t,t,a,t,c,a,t,g,c,t,a,a,c,c,a,c,c,c,g,g,c
majority,DEOP2,a,a,t,t,g,t,g,a,t,g,t,g,t,a,t,c,g,a,a,g,t,g,t,g,t,t,g,c,g,g,a,g,t,a,g,a,t,g,t,t,a,g,a,a,t,a,c,t,a,a,c,a,a,a,c,t
majority,LEU1_TRNA,t,c,g,a,t,a,a,t,t,a,a,c,t,a,t,t,g,a,c,g,a,a,a,a,g,c,t,g,a,a,a,a,c,c,a,c,t,a,g,a,a,t,g,c,g,c,c,t,c,c,g,t,g,g,t,a
minority,MALEFG,a,g,g,g,g,c,a,a,g,g,a,g,g,a,t,g,g,a,a,a,g,a,g,g,t,t,g,c,c,g,t,a,t,a,a,a,g,a,a,a,c,t,a,g,a,g,t,c,c,g,t,t,t,a,g,g
minority,MALK,c,a,g,g,g,g,g,t,g,g,a,g,g,a,t,t,t,a,a,g,c,c,a,t,c,t,c,c,t,g,a,t,g,a,c,g,c,a,t,a,g,t,c,a,g,c,c,c,a,t,c,a,t,g,a,a
majority,RECA,t,t,t,c,t,a,c,a,a,a,a,c,a,c,t,t,g,a,t,a,c,t,g,t,a,t,g,a,g,c,a,t,a,c,a,g,t,a,t,a,a,t,t,g,c,t,t,c,a,a,c,a,g,a,a,c
minority,RPOB,c,g,a,c,t,t,a,a,t,a,t,a,c,t,g,c,g,a,c,a,g,g,a,c,g,t,c,c,g,t,t,c,t,g,t,g,t,a,a,a,t,c,g,c,a,a,t,g,a,a,a,t,g,g,t,t
majority,RRNAB_P1,t,t,t,t,a,a,a,t,t,t,c,c,t,c,t,t,g,t,c,a,g,g,c,c,g,g,a,a,t,a,a,c,t,c,c,c,t,a,t,a,a,t,g,c,g,c,c,a,c,c,a,c,t,g,a,c
majority,RRNAB_P2,g,c,a,a,a,a,a,t,a,a,a,t,g,c,t,t,g,a,c,t,c,t,g,t,a,g,c,g,g,g,a,a,g,g,c,g,t,a,t,t,a,t,g,c,a,c,a,c,c,c,c,g,c,g,c,c
majority,RRNDEX_P2,c,c,t,g,a,a,a,t,t,c,a,g,g,g,t,t,g,a,c,t,c,t,g,a,a,a,g,a,g,g,a,a,a,g,c,g,t,a,a,t,a,t,a,c,g,c,c,a,c,c,t,c,g,c,g,a
majority,RRND_P1,g,a,t,c,a,a,a,a,a,a,a,t,a,c,t,t,g,t,g,c,a,a,a,a,a,a,t,t,g,g,g,a,t,c,c,c,t,a,t,a,a,t,g,c,g,c,c,t,c,c,g,t,t,g,a,g
majority,RRNE_P1,c,t,g,c,a,a,t,t,t,t,t,c,t,a,t,t,g,c,g,g,c,c,t,g,c,g,g,a,g,a,a,c,t,c,c,c,t,a,t,a,a,t,g,c,g,c,c,t,c,c,a,t,c,g,a,c
majority,RRNG_P1,t,t,t,a,t,a,t,t,t,t,t,c,g,c,t,t,g,t,c,a,g,g,c,c,g,g,a,a,t,a,a,c,t,c,c,c,t,a,t,a,a,t,g,c,g,c,c,a,c,c,a,c,t,g,a,c
majority,RRNG_P2,a,a,g,c,a,a,a,g,a,a,a,t,g,c,t,t,g,a,c,t,c,t,g,t,a,g,c,g,g,g,a,a,g,g,c,g,t,a,t,t,a,t,g,c,a,c,a,c,c,g,c,c,g,c,g,c
majority,RRNX_P1,a,t,g,c,a,t,t,t,t,t,c,c,g,c,t,t,g,t,c,t,t,c,c,t,g,a,g,c,c,g,a,c,t,c,c,c,t,a,t,a,a,t,g,c,g,c,c,t,c,c,a,t,c,g,a,c
majority,TNAA,a,a,a,c,a,a,t,t,t,c,a,g,a,a,t,a,g,a,c,a,a,a,a,a,c,t,c,t,g,a,g,t,g,t,a,a,t,a,a,t,g,t,a,g,c,c,t,c,g,t,g,t,c,t,t,g
majority,TYRT,t,c,t,c,a,a,c,g,t,a,a,c,a,c,t,t,t,a,c,a,g,c,g,g,c,g,c,g,t,c,a,t,t,t,g,a,t,a,t,g,a,t,g,c,g,c,c,c,c,g,c,t,t,c,c,c
minority,ARAC,g,c,a,a,a,t,a,a,t,c,a,a,t,g,t,g,g,a,c,t,t,t,t,c,t,g,c,c,g,t,g,a,t,t,a,t,a,g,a,c,a,c,t,t,t,t,g,t,t,a,c,g,c,g,t,t
majority,LACI,g,a,c,a,c,c,a,t,c,g,a,a,t,g,g,c,g,c,a,a,a,a,c,c,t,t,t,c,g,c,g,g,t,a,t,g,g,c,a,t,g,a,t,a,g,c,g,c,c,c,g,g,a,a,g,a
majority,MALT,a,a,a,a,a,c,g,t,c,a,t,c,g,c,t,t,g,c,a,t,t,a,g,a,a,a,g,g,t,t,t,c,t,g,g,c,c,g,a,c,c,t,t,a,t,a,a,c,c,a,t,t,a,a,t,t
majority,TRP,t,c,t,g,a,a,a,t,g,a,g,c,t,g,t,t,g,a,c,a,a,t,t,a,a,t,c,a,t,c,g,a,a,c,t,a,g,t,t,a,a,c,t,a,g,t,a,c,g,c,a,a,g,t,t,c
majority,TRPP2,a,c,c,g,g,a,a,g,a,a,a,a,c,c,g,t,g,a,c,a,t,t,t,t,a,a,c,a,c,g,t,t,t,g,t,t,a,c,a,a,g,g,t,a,a,a,g,g,c,g,a,c,g,c,c,g
majority,THR,a,a,a,t,t,a,a,a,a,t,t,t,t,a,t,t,g,a,c,t,t,a,g,g,t,c,a,c,t,a,a,a,t,a,c,t,t,t,a,a,c,c,a,a,t,a,t,a,g,g,c,a,t,a,g,c
majority,BIOB,t,t,g,t,c,a,t,a,a,t,c,g,a,c,t,t,g,t,a,a,a,c,c,a,a,a,t,t,g,a,a,a,a,g,a,t,t,t,a,g,g,t,t,t,a,c,a,a,g,t,c,t,a,c,a,c
minority,FOL,c,a,t,c,c,t,c,g,c,a,c,c,a,g,t,c,g,a,c,g,a,c,g,g,t,t,t,a,c,g,c,t,t,t,a,c,g,t,a,t,a,g,t,g,g,c,g,a,c,a,a,t,t,t,t,t
majority,UVRBP1,t,c,c,a,g,t,a,t,a,a,t,t,t,g,t,t,g,g,c,a,t,a,a,t,t,a,a,g,t,a,c,g,a,c,g,a,g,t,a,a,a,a,t,t,a,c,a,t,a,c,c,t,g,c,c,c
majority,UVRBP3,a,c,a,g,t,t,a,t,c,c,a,c,t,a,t,t,c,c,t,g,t,g,g,a,t,a,a,c,c,a,t,g,t,g,t,a,t,t,a,g,a,g,t,t,a,g,a,a,a,a,c,a,c,g,a,g
minority,LEXA,t,g,t,g,c,a,g,t,t,t,a,t,g,g,t,t,c,c,a,a,a,a,t,c,g,c,c,t,t,t,t,g,c,t,g,t,a,t,a,t,a,c,t,c,a,c,a,g,c,a,t,a,a,c,t,g
majority,PORI-L,c,t,g,t,t,g,t,t,c,a,g,t,t,t,t,t,g,a,g,t,t,g,t,g,t,a,t,a,a,c,c,c,c,t,c,a,t,t,c,t,g,a,t,c,c,c,a,g,c,t,t,a,t,a,c,g
minority,SPOT42,a,t,t,a,c,a,a,a,a,a,g,t,g,c,t,t,t,c,t,g,a,a,c,t,g,a,a,c,a,a,a,a,a,a,g,a,g,t,a,a,a,g,t,t,a,g,t,c,g,c,g,t,a,g,g,g
majority,M1RNA,a,t,g,c,g,c,a,a,c,g,c,g,g,g,g,t,g,a,c,a,a,g,g,g,c,g,c,g,c,a,a,a,c,c,c,t,c,t,a,t,a,c,t,g,c,g,c,g,c,c,g,a,a,g,c,t
minority,GLNS,t,a,a,a,a,a,a,c,t,a,a,c,a,g,t,t,g,t,c,a,g,c,c,t,g,t,c,c,c,g,c,t,t,a,t,a,a,g,a,t,c,a,t,a,c,g,c,c,g,t,t,a,t,a,c,g
minority,TUFB,a,t,g,c,a,a,t,t,t,t,t,t,a,g,t,t,g,c,a,t,g,a,a,c,t,c,g,c,a,t,g,t,c,t,c,c,a,t,a,g,a,a,t,g,c,g,c,g,c,t,a,c,t,t,g,a
majority,SUBB-E,c,c,t,t,g,a,a,a,a,a,g,a,g,g,t,t,g,a,c,g,c,t,g,c,a,a,g,g,c,t,c,t,a,t,a,c,g,c,a,t,a,a,t,g,c,g,c,c,c,c,g,c,a,a,c,g
majority,STR,t,c,g,t,t,g,t,a,t,a,t,t,t,c,t,t,g,a,c,a,c,c,t,t,t,t,c,g,g,c,a,t,c,g,c,c,c,t,a,a,a,a,t,t,c,g,g,c,g,t,c,c,t,c,a,t
minority,SPC,c,c,g,t,t,t,a,t,t,t,t,t,t,c,t,a,c,c,c,a,t,a,t,c,c,t,t,g,a,a,g,c,g,g,t,g,t,t,a,t,a,a,t,g,c,c,g,c,g,c,c,c,t,c,g,a
minority,RPOA,t,t,c,g,c,a,t,a,t,t,t,t,t,c,t,t,g,c,a,a,a,g,t,t,g,g,g,t,t,g,a,g,c,t,g,g,c,t,a,g,a,t,t,a,g,c,c,a,g,c,c,a,a,t,c,t
majority,RPLJ,t,g,t,a,a,a,c,t,a,a,t,g,c,c,t,t,t,a,c,g,t,g,g,g,c,g,g,t,g,a,t,t,t,t,g,t,c,t,a,c,a,a,t,c,t,t,a,c,c,c,c,c,a,c,g,t
minority,PORI-R,g,a,t,c,g,c,a,c,g,a,t,c,t,g,t,a,t,a,c,t,t,a,t,t,t,g,a,g,t,a,a,a,t,t,a,a,c,c,c,a,c,g,a,t,c,c,c,a,g,c,c,a,t,t,c,t
majority,ALAS,a,a,c,g,c,a,t,a,c,g,g,t,a,t,t,t,t,a,c,c,t,t,c,c,c,a,g,t,c,a,a,g,a,a,a,a,c,t,t,a,t,c,t,t,a,t,t,c,c,c,a,c,t,t,t,t
majority,ARABAD,t,t,a,g,c,g,g,a,t,c,c,t,a,c,c,t,g,a,c,g,c,t,t,t,t,t,a,t,c,g,c,a,a,c,t,c,t,c,t,a,c,t,g,t,t,t,c,t,c,c,a,t,a,c,c,c
minority,BIOA,g,c,c,t,t,c,t,c,c,a,a,a,a,c,g,t,g,t,t,t,t,t,t,g,t,t,g,t,t,a,a,t,t,c,g,g,t,g,t,a,g,a,c,t,t,g,t,a,a,a,c,c,t,a,a,a
minority,DEOP1,c,a,g,a,a,a,c,g,t,t,t,t,a,t,t,c,g,a,a,c,a,t,c,g,a,t,c,t,c,g,t,c,t,t,g,t,g,t,t,a,g,a,a,t,t,c,t,a,a,c,a,t,a,c,g,g
minority,GALP2,c,a,c,t,a,a,t,t,t,a,t,t,c,c,a,t,g,t,c,a,c,a,c,t,t,t,t,c,g,c,a,t,c,t,t,t,g,t,t,a,t,g,c,t,a,t,g,g,t,t,a,t,t,t,c,a
minority,HIS,a,t,a,t,a,a,a,a,a,a,g,t,t,c,t,t,g,c,t,t,t,c,t,a,a,c,g,t,g,a,a,a,g,t,g,g,t,t,t,a,g,g,t,t,a,a,a,a,g,a,c,a,t,c,a,g
minority,HISJ,c,a,a,g,g,t,a,g,a,a,t,g,c,t,t,t,g,c,c,t,t,g,t,c,g,g,c,c,t,g,a,t,t,a,a,t,g,g,c,a,c,g,a,t,a,g,t,c,g,c,a,t,c,g,g,a
minority,ILVGEDA,g,g,c,c,a,a,a,a,a,a,t,a,t,c,t,t,g,t,a,c,t,a,t,t,t,a,c,a,a,a,a,c,c,t,a,t,g,g,t,a,a,c,t,c,t,t,t,a,g,g,c,a,t,t,c,c
majority,LACP1,t,a,g,g,c,a,c,c,c,c,a,g,g,c,t,t,t,a,c,a,c,t,t,t,a,t,g,c,t,t,c,c,g,g,c,t,c,g,t,a,t,g,t,t,g,t,g,t,g,g,a,a,t,t,g,t
minority,LPP,c,c,a,t,c,a,a,a,a,a,a,a,t,a,t,t,c,t,c,a,a,c,a,t,a,a,a,a,a,a,c,t,t,t,g,t,g,t,a,a,t,a,c,t,t,g,t,a,a,c,g,c,t,a,c,a
majority,TRPR,t,g,g,g,g,a,c,g,t,c,g,t,t,a,c,t,g,a,t,c,c,g,c,a,c,g,t,t,t,a,t,g,a,t,a,t,g,c,t,a,t,c,g,t,a,c,t,c,t,t,t,a,g,c,g,a
minority,UVRB_P2,t,c,a,g,a,a,a,t,a,t,t,a,t,g,g,t,g,a,t,g,a,a,c,t,g,t,t,t,t,t,t,t,a,t,c,c,a,g,t,a,t,a,a,t,t,t,g,t,t,g,g,c,a,t,a,a
majority,867,a,t,a,t,g,a,a,c,g,t,t,g,a,g,a,c,t,g,c,c,g,c,t,g,a,g,t,t,a,t,c,a,g,c,t,g,t,g,a,a,c,g,a,c,a,t,t,c,t,g,g,c,g,t,c,t
majority,1169,c,g,a,a,c,g,a,g,t,c,a,a,t,c,a,g,a,c,c,g,c,t,t,t,g,a,c,t,c,t,g,g,t,a,t,t,a,c,t,g,t,g,a,a,c,a,t,t,a,t,t,c,g,t,c,t
majority,802,c,a,a,t,g,g,c,c,t,c,t,a,a,a,c,g,g,g,t,c,t,t,g,a,g,g,g,g,t,t,t,t,t,t,g,c,t,g,a,a,a,g,g,a,g,g,a,a,c,t,a,t,a,t,g,c
minority,521,t,t,g,a,c,c,t,a,c,t,a,c,g,c,c,a,g,c,a,t,t,t,t,g,g,c,g,g,t,g,t,a,a,g,c,t,a,a,c,c,a,t,t,c,c,g,g,t,t,g,a,c,t,c,a,a
majority,918,c,g,t,c,t,a,t,c,g,g,t,g,a,a,c,c,t,c,c,g,g,t,a,t,c,a,a,c,g,c,t,g,g,a,a,g,g,t,g,a,c,g,c,t,a,a,c,g,c,a,g,a,t,g,c,a
minority,1481,g,c,c,a,a,t,c,a,a,t,c,a,a,g,a,a,c,t,t,g,a,a,g,g,g,t,g,g,t,a,t,c,a,g,c,c,a,a,c,a,g,c,c,t,g,a,c,a,t,c,c,t,t,c,g,t
majority,1024,t,g,g,a,t,g,g,a,c,g,t,t,c,a,a,c,a,t,t,g,a,g,g,a,a,g,g,c,a,t,a,a,c,g,c,t,a,c,t,a,c,c,t,g,a,t,g,t,t,t,a,c,t,c,c,a
majority,1149,g,a,g,g,t,g,g,c,t,a,t,g,t,g,t,a,t,g,a,c,c,g,a,a,c,g,a,g,t,c,a,a,t,c,a,g,a,c,c,g,c,t,t,t,g,a,c,t,c,t,g,g,t,a,t,t
majority,313,c,g,t,a,g,c,g,c,a,t,c,a,g,t,g,c,t,t,t,c,t,t,a,c,t,g,t,g,a,g,t,a,c,g,c,a,c,c,a,g,c,g,c,c,a,g,a,g,g,a,c,g,a,c,g,a
majority,780,c,g,a,c,c,g,a,a,g,c,g,a,g,c,c,t,c,g,t,c,c,t,c,a,a,t,g,g,c,c,t,c,t,a,a,a,c,g,g,g,t,c,t,t,g,a,g,g,g,g,t,t,t,t,t,t
majority,1384,c,t,a,c,g,g,t,g,g,g,t,a,c,a,a,t,a,t,g,c,t,g,g,a,t,g,g,a,g,a,t,g,c,g,t,t,c,a,c,t,t,c,t,g,g,t,c,t,a,c,t,g,a,c,t,c
minority,507,a,t,a,g,t,c,t,c,a,g,a,g,t,c,t,t,g,a,c,c,t,a,c,t,a,c,g,c,c,a,g,c,a,t,t,t,t,g,g,c,g,g,t,g,t,a,a,g,c,t,a,a,c,c,a,t
majority,39,a,a,c,t,c,a,a,g,g,c,t,g,a,t,a,c,g,g,c,g,a,g,a,c,t,t,g,c,g,a,g,c,c,t,t,g,t,c,c,t,t,g,c,g,g,t,a,c,a,c,a,g,c,a,g,c
minority,1203,t,t,a,c,t,g,t,g,a,a,c,a,t,t,a,t,t,c,g,t,c,t,c,c,g,c,g,a,c,t,a,c,g,a,t,g,a,g,a,t,g,c,c,t,g,a,g,t,g,c,t,t,c,c,g,t
majority,988,t,a,t,t,c,t,c,a,a,c,a,a,g,a,t,t,a,a,c,c,g,a,c,a,g,a,t,t,c,a,a,t,c,t,c,g,t,g,g,a,t,g,g,a,c,g,t,t,c,a,a,c,a,t,t,g
majority,1171,a,a,c,g,a,g,t,c,a,a,t,c,a,g,a,c,c,g,c,t,t,t,g,a,c,t,c,t,g,g,t,a,t,t,a,c,t,g,t,g,a,a,c,a,t,t,a,t,t,c,g,t,c,t,c,c
majority,753,a,a,g,t,g,c,t,t,a,g,c,t,t,c,a,a,g,g,t,c,a,c,g,g,a,t,a,c,g,a,c,c,g,a,a,g,c,g,a,g,c,c,t,c,g,t,c,c,t,c,a,a,t,g,g,c
minority,630,g,a,a,g,a,c,c,a,c,g,c,c,t,c,g,c,c,a,c,c,g,a,g,t,a,g,a,c,c,c,t,t,a,g,a,g,a,g,c,a,t,g,t,c,a,g,c,c,t,c,g,a,c,a,a,c
minority,660,t,t,a,g,a,g,a,g,c,a,t,g,t,c,a,g,c,c,t,c,g,a,c,a,a,c,t,t,g,c,a,t,a,a,a,t,g,c,t,t,t,c,t,t,g,t,a,g,a,c,g,t,g,c,c,c
majority,1216,t,a,t,t,c,g,t,c,t,c,c,g,c,g,a,c,t,a,c,g,a,t,g,a,g,a,t,g,c,c,t,g,a,g,t,g,c,t,t,c,c,g,t,t,a,c,t,g,g,a,t,t,g,t,c,a
majority,835,t,g,c,t,g,a,a,a,g,g,a,g,g,a,a,c,t,a,t,a,t,g,c,g,c,t,c,a,t,a,c,g,a,t,a,t,g,a,a,c,g,t,t,g,a,g,a,c,t,g,c,c,g,c,t,g
majority,35,c,a,t,g,a,a,c,t,c,a,a,g,g,c,t,g,a,t,a,c,g,g,c,g,a,g,a,c,t,t,g,c,g,a,g,c,c,t,t,g,t,c,c,t,t,g,c,g,g,t,a,c,a,c,a,g
majority,1218,t,t,c,g,t,c,t,c,c,g,c,g,a,c,t,a,c,g,a,t,g,a,g,a,t,g,c,c,t,g,a,g,t,g,c,t,t,c,c,g,t,t,a,c,t,g,g,a,t,t,g,t,c,a,c,c
minority,668,c,a,t,g,t,c,a,g,c,c,t,c,g,a,c,a,a,c,t,t,g,c,a,t,a,a,a,t,g,c,t,t,t,c,t,t,g,t,a,g,a,c,g,t,g,c,c,c,t,a,c,g,c,g,c,t
majority,413,a,g,g,a,g,g,a,a,c,t,a,c,g,c,a,a,g,g,t,t,g,g,a,a,c,a,t,c,g,g,a,g,a,g,a,t,g,c,c,a,g,c,c,a,g,c,g,c,a,c,c,t,g,c,a,c
majority,991,t,c,t,c,a,a,c,a,a,g,a,t,t,a,a,c,c,g,a,c,a,g,a,t,t,c,a,a,t,c,t,c,g,t,g,g,a,t,g,g,a,c,g,t,t,c,a,a,c,a,t,t,g,a,g,g
majority,751,t,g,a,a,g,t,g,c,t,t,a,g,c,t,t,c,a,a,g,g,t,c,a,c,g,g,a,t,a,c,g,a,c,c,g,a,a,g,c,g,a,g,c,c,t,c,g,t,c,c,t,c,a,a,t,g
majority,850,c,t,a,t,a,t,g,c,g,c,t,c,a,t,a,c,g,a,t,a,t,g,a,a,c,g,t,t,g,a,g,a,c,t,g,c,c,g,c,t,g,a,g,t,t,a,t,c,a,g,c,t,g,t,g,a
minority,93,g,c,g,g,c,a,g,c,a,c,g,t,t,t,c,c,a,c,g,c,g,g,t,g,a,g,a,g,c,c,t,c,a,g,g,a,t,t,c,a,t,g,t,c,g,a,t,g,t,c,t,t,c,c,g,g
majority,1108,a,t,c,c,c,t,a,a,t,g,t,c,t,a,c,t,t,c,c,g,g,t,c,a,a,t,c,c,a,t,c,t,a,c,g,t,t,a,a,c,c,g,a,g,g,t,g,g,c,t,a,t,g,t,g,t
majority,915,t,g,g,c,g,t,c,t,a,t,c,g,g,t,g,a,a,c,c,t,c,c,g,g,t,a,t,c,a,a,c,g,c,t,g,g,a,a,g,g,t,g,a,c,g,c,t,a,a,c,g,c,a,g,a,t
majority,1019,t,c,t,c,g,t,g,g,a,t,g,g,a,c,g,t,t,c,a,a,c,a,t,t,g,a,g,g,a,a,g,g,c,a,t,a,a,c,g,c,t,a,c,t,a,c,c,t,g,a,t,g,t,t,t,a
minority,19,t,a,t,t,g,g,c,t,t,g,c,t,c,a,a,g,c,a,t,g,a,a,c,t,c,a,a,g,g,c,t,g,a,t,a,c,g,g,c,g,a,g,a,c,t,t,g,c,g,a,g,c,c,t,t,g
majority,1320,t,a,g,a,g,g,g,t,g,t,a,c,t,c,c,a,a,g,a,a,g,a,g,g,a,a,g,a,t,g,a,g,g,c,t,a,g,a,c,g,t,c,t,c,t,g,c,a,t,g,g,a,g,t,a,t
majority,91,c,a,g,c,g,g,c,a,g,c,a,c,g,t,t,t,c,c,a,c,g,c,g,g,t,g,a,g,a,g,c,c,t,c,a,g,g,a,t,t,c,a,t,g,t,c,g,a,t,g,t,c,t,t,c,c
majority,217,t,t,a,c,g,t,t,g,g,c,g,a,c,c,g,c,t,a,g,g,a,c,t,t,t,c,t,t,g,t,t,g,a,t,t,t,t,c,c,a,t,g,c,g,g,t,g,t,t,t,t,g,c,g,c,a
majority,957,a,c,g,c,t,a,a,c,g,c,a,g,a,t,g,c,a,g,c,g,a,a,c,g,c,t,c,g,g,c,g,t,a,t,t,c,t,c,a,a,c,a,a,g,a,t,t,a,a,c,c,g,a,c,a,g
majority,260,g,g,t,g,t,t,t,t,g,c,g,c,a,a,t,g,t,t,a,a,t,c,g,c,t,t,t,g,t,a,c,a,c,c,t,c,a,g,g,c,a,t,g,t,a,a,a,c,g,t,c,t,t,c,g,t
majority,557,a,a,c,c,a,t,t,c,c,g,g,t,t,g,a,c,t,c,a,a,t,g,a,g,c,a,t,c,t,c,g,a,t,g,c,a,g,c,g,t,a,c,t,c,c,t,a,c,a,t,g,a,a,t,a,g
majority,1355,a,g,a,c,g,t,c,t,c,t,g,c,a,t,g,g,a,g,t,a,t,g,a,g,a,t,g,g,a,c,t,a,c,g,g,t,g,g,g,t,a,c,a,a,t,a,t,g,c,t,g,g,a,t,g,g
majority,244,t,g,t,t,g,a,t,t,t,t,c,c,a,t,g,c,g,g,t,g,t,t,t,t,g,c,g,c,a,a,t,g,t,t,a,a,t,c,g,c,t,t,t,g,t,a,c,a,c,c,t,c,a,g,g,c
majority,464,t,g,c,a,c,g,g,g,t,t,g,c,g,a,t,a,g,c,c,t,c,a,g,c,g,t,a,t,t,c,a,g,g,t,g,c,g,a,g,t,t,c,g,a,t,a,g,t,c,t,c,a,g,a,g,t
majority,296,a,g,g,c,a,t,g,t,a,a,a,c,g,t,c,t,t,c,g,t,a,g,c,g,c,a,t,c,a,g,t,g,c,t,t,t,c,t,t,a,c,t,g,t,g,a,g,t,a,c,g,c,a,c,c,a
majority,648,c,c,g,a,g,t,a,g,a,c,c,c,t,t,a,g,a,g,a,g,c,a,t,g,t,c,a,g,c,c,t,c,g,a,c,a,a,c,t,t,g,c,a,t,a,a,a,t,g,c,t,t,t,c,t,t
minority,230,c,g,c,t,a,g,g,a,c,t,t,t,c,t,t,g,t,t,g,a,t,t,t,t,c,c,a,t,g,c,g,g,t,g,t,t,t,t,g,c,g,c,a,a,t,g,t,t,a,a,t,c,g,c,t,t
minority,1163,t,a,t,g,a,c,c,g,a,a,c,g,a,g,t,c,a,a,t,c,a,g,a,c,c,g,c,t,t,t,g,a,c,t,c,t,g,g,t,a,t,t,a,c,t,g,t,g,a,a,c,a,t,t,a,t
majority,1321,a,g,a,g,g,g,t,g,t,a,c,t,c,c,a,a,g,a,a,g,a,g,g,a,a,g,a,t,g,a,g,g,c,t,a,g,a,c,g,t,c,t,c,t,g,c,a,t,g,g,a,g,t,a,t,g
majority,663,g,a,g,a,g,c,a,t,g,t,c,a,g,c,c,t,c,g,a,c,a,a,c,t,t,g,c,a,t,a,a,a,t,g,c,t,t,t,c,t,t,g,t,a,g,a,c,g,t,g,c,c,c,t,a,c
minority,799,c,c,t,c,a,a,t,g,g,c,c,t,c,t,a,a,a,c,g,g,g,t,c,t,t,g,a,g,g,g,g,t,t,t,t,t,t,g,c,t,g,a,a,a,g,g,a,g,g,a,a,c,t,a,t,a
majority,987,g,t,a,t,t,c,t,c,a,a,c,a,a,g,a,t,t,a,a,c,c,g,a,c,a,g,a,t,t,c,a,a,t,c,t,c,g,t,g,g,a,t,g,g,a,c,g,t,t,c,a,a,c,a,t,t
majority,1226,c,g,c,g,a,c,t,a,c,g,a,t,g,a,g,a,t,g,c,c,t,g,a,g,t,g,c,t,t,c,c,g,t,t,a,c,t,g,g,a,t,t,g,t,c,a,c,c,a,a,g,g,c,t,t,c
majority,794,c,t,c,g,t,c,c,t,c,a,a,t,g,g,c,c,t,c,t,a,a,a,c,g,g,g,t,c,t,t,g,a,g,g,g,g,t,t,t,t,t,t,g,c,t,g,a,a,a,g,g,a,g,g,a,a
minority,1442,t,a,a,c,a,t,t,a,a,t,a,a,a,t,a,a,g,g,a,g,g,c,t,c,t,a,a,t,g,g,c,a,c,t,c,a,t,t,a,g,c,c,a,a,t,c,a,a,t,c,a,a,g,a,a,c
